Workbook

Sheet Sheet1
H2: 개별 생산 내역 TREND
S4: 2022.01 | W4: 2022.02 | AA4: 2022.03 | AE4: 2022.04 | AI4: 2022.05 | AM4: 2022.06 | AQ4: 2022.07 | AU4: 2022.08 | AY4: 2022.09 | BC4: 2022.10 | BG4: 2022.11 | BK4: 2022.12 | BO4: 2023.01 | BS4: 2023.02
E5: 모규격 | F5: 모규격 | G5: 모품번 | H5: 모품명 | K5: 모단위 | L5: 생산수량 | M5: 단위재료비 | N5: 재료비 | O5: 자품번 | P5: 품번 | Q5: 구분 | R5: 자품명 | S5: 비중 | T5: 사용량 | U5: 사용단가 | V5: 사용금액 | W5: 비중 | X5: 사용량 | Y5: 사용단가 | Z5: 사용금액 | AA5: 비중 | AB5: 사용량 | AC5: 사용단가 | AD5: 사용금액 | AE5: 비중 | AF5: 사용량 | AG5: 사용단가 | AH5: 사용금액 | AI5: 비중 | AJ5: 사용량 | AK5: 사용단가 | AL5: 사용금액 | AM5: 비중 | AN5: 사용량 | AO5: 사용단가 | AP5: 사용금액 | AQ5: 비중 | AR5: 사용량 | AS5: 사용단가 | AT5: 사용금액 | AU5: 비중 | AV5: 사용량 | AW5: 사용단가 | AX5: 사용금액 | AY5: 비중 | AZ5: 사용량 | BA5: 사용단가 | BB5: 사용금액 | BC5: 비중 | BD5: 사용량 | BE5: 사용단가 | BF5: 사용금액 | BG5: 비중 | BH5: 사용량 | BI5: 사용단가 | BJ5: 사용금액 | BK5: 비중 | BL5: 사용량 | BM5: 사용단가 | BN5: 사용금액 | BO5: 비중 | BP5: 사용량 | BQ5: 사용단가 | BR5: 사용금액 | BS5: 비중 | BT5: 사용량 | BU5: 사용단가 | BV5: 사용금액
B6: =CONCATENATE(E6,O6) -> #REF! | C6: =CONCATENATE(E6,R6) -> #REF! | D6: =CONCATENATE(E6,R6) -> #REF! | E6: =IF(G6=0,#REF!,G6) -> #REF! | F6: =IF(#REF!=0,#REF!,#REF!) -> #REF! | H6: TPAA103 | I6: TPAA103 | K6: KG | L6: 43370 | M6: 2776.41 | N6: 120412944 | O6: 3402104 | P6: =+O6*1 -> 3402104 | Q6: =VLOOKUP(P6,[1]A!D:G,3,FALSE) -> 0 | R6: MPPO JM-594L | S6: 0 | T6: 0 | U6: 0 | V6: 0 | W6: 0 | X6: 0 | Y6: 0 | Z6: 0 | AA6: 0 | AB6: 0 | AC6: 0 | AD6: 0 | AE6: 0 | AF6: 0 | AG6: 0 | AH6: 0 | AI6: 0 | AJ6: 0 | AK6: 0 | AL6: 0 | AM6: 0 | AN6: 0 | AO6: 0 | AP6: 0 | AQ6: 0 | AR6: 0 | AS6: 0 | AT6: 0 | AU6: 0 | AV6: 0 | AW6: 0 | AX6: 0 | AY6: 0 | AZ6: 0 | BA6: 0 | BB6: 0 | BC6: 0 | BD6: 0 | BE6: 0 | BF6: 0 | BG6: 0 | BH6: 0 | BI6: 0 | BJ6: 0 | BK6: 0 | BL6: 0 | BM6: 0 | BN6: 0 | BO6: 0 | BP6: 0 | BQ6: 0 | BR6: 0 | BS6: 0 | BT6: 0 | BU6: 0 | BV6: 0
B7: =CONCATENATE(E7,O7) -> #REF! | C7: =CONCATENATE(E7,R7) -> #REF! | D7: =CONCATENATE(E7,R7) -> #REF! | E7: =IF(G7=0,E6,G7) -> #REF! | F7: =IF(H7=0,F6,H7) -> #REF! | I7: TPAA103 | O7: 3402105 | P7: =+O7*1 -> 3402105 | Q7: =VLOOKUP(P7,[1]A!D:G,3,FALSE) -> MPPO | R7: MPPO JM-595M | S7: 0.150656 | T7: 29900 | U7: 3452.8 | V7: 103238796 | W7: 0.148248 | X7: 6800 | Y7: 3562.23 | Z7: 24223175 | AA7: 0.148492 | AB7: 33100 | AC7: 3725.687 | AD7: 123320239 | AE7: 0 | AF7: 0 | AG7: 0 | AH7: 0 | AI7: 0.151561 | AJ7: 5000 | AK7: 3664.4982 | AL7: 18322491 | AM7: 0.1566 | AN7: 11750 | AO7: 3755.8892 | AP7: 44131698 | AQ7: 0.156092 | AR7: 7100 | AS7: 3969.5163 | AT7: 28183566 | AU7: 0.155089 | AV7: 9500 | AW7: 4058.344 | AX7: 38554268 | AY7: 0.153695 | AZ7: 3825 | BA7: 4115.8366 | BB7: 15743075 | BC7: 0.155067 | BD7: 8150 | BE7: 4129.8733 | BF7: 33658467 | BG7: 0 | BH7: 0 | BI7: 0 | BJ7: 0 | BK7: 0.153932 | BL7: 9525 | BM7: 4220.5815 | BN7: 40201039 | BO7: 0.153408 | BP7: 12400 | BQ7: 4220.5815 | BR7: 52335211 | BS7: 0.15324 | BT7: 20700 | BU7: 3948.172 | BV7: 81727161
C8: =CONCATENATE(E8,R8) -> #REF! | E8: =IF(G8=0,E7,G8) -> #REF! | I8: TPAA103 | Q8: =VLOOKUP(P8,[1]A!D:G,3,FALSE) -> 0 | R8: =+Q7 -> MPPO | S8: 0.150656 | T8: 29900 | U8: 3452.8025 | V8: 103238796 | W8: 0.148248 | X8: 6800 | Y8: 3562.2316 | Z8: 24223175 | AA8: 0.148492 | AB8: 33100 | AC8: 3725.687 | AD8: 123320239 | AE8: 0 | AF8: 0 | AG8: 0 | AH8: 0 | AI8: 0.151561 | AJ8: 5000 | AK8: 3664.4982 | AL8: 18322491 | AM8: 0.1566 | AN8: 11750 | AO8: 3755.8892 | AP8: 44131698 | AQ8: 0.156092 | AR8: 7100 | AS8: 3969.5163 | AT8: 28183566 | AU8: 0.155089 | AV8: 9500 | AW8: 4058.344 | AX8: 38554268 | AY8: 0.153695 | AZ8: 3825 | BA8: 4115.8366 | BB8: 15743075 | BC8: 0.155067 | BD8: 8150 | BE8: 4129.8733 | BF8: 33658467 | BG8: 0 | BH8: 0 | BI8: 0 | BJ8: 0 | BK8: 0.153932 | BL8: 9525 | BM8: 4220.5815 | BN8: 40201039 | BO8: 0.153408 | BP8: 12400 | BQ8: 4220.5815 | BR8: 52335211 | BS8: 0.15324 | BT8: 20700 | BU8: 3948.172 | BV8: 81727161
B9: =CONCATENATE(E9,O9) -> #REF! | C9: =CONCATENATE(E9,R9) -> #REF! | D9: =CONCATENATE(E9,R9) -> #REF! | E9: =IF(G9=0,E7,G9) -> #REF! | F9: =IF(H9=0,F6,H9) -> #REF! | I9: TPAA103 | O9: 3403301 | P9: =+O9*1 -> 3403301 | Q9: =VLOOKUP(P9,[1]A!D:G,3,FALSE) -> #N/A | R9: MPPO<C> | S9: 0 | T9: 0 | U9: 0 | V9: 0 | W9: 0 | X9: 0 | Y9: 0 | Z9: 0 | AA9: 0 | AB9: 0 | AC9: 0 | AD9: 0 | AE9: 0 | AF9: 0 | AG9: 0 | AH9: 0 | AI9: 0 | AJ9: 0 | AK9: 0 | AL9: 0 | AM9: 0 | AN9: 0 | AO9: 0 | AP9: 0 | AQ9: 0 | AR9: 0 | AS9: 0 | AT9: 0 | AU9: 0 | AV9: 0 | AW9: 0 | AX9: 0 | AY9: 0 | AZ9: 0 | BA9: 0 | BB9: 0 | BC9: 0 | BD9: 0 | BE9: 0 | BF9: 0 | BG9: 0 | BH9: 0 | BI9: 0 | BJ9: 0 | BK9: 0 | BL9: 0 | BM9: 0 | BN9: 0 | BO9: 0 | BP9: 0 | BQ9: 0 | BR9: 0 | BS9: 0 | BT9: 0 | BU9: 0 | BV9: 0
B10: =CONCATENATE(E10,O10) -> #REF! | C10: =CONCATENATE(E10,R10) -> #REF! | D10: =CONCATENATE(E10,R10) -> #REF! | E10: =IF(G10=0,E9,G10) -> #REF! | F10: =IF(H10=0,F9,H10) -> #REF! | I10: TPAA103 | O10: 3403303 | P10: =+O10*1 -> 3403303 | Q10: =VLOOKUP(P10,[1]A!D:G,3,FALSE) -> R재 | R10: MPPO<K> | S10: 0.338977 | T10: 67275 | U10: 1853.24 | V10: 124676681 | W10: 0.399834 | X10: 18340 | Y10: 1945.73 | Z10: 35684754 | AA10: 0.40891 | AB10: 91149 | AC10: 1971.1022 | AD10: 179663997 | AE10: 0 | AF10: 0 | AG10: 0 | AH10: 0 | AI10: 0.491058 | AJ10: 16200 | AK10: 2036.607 | AL10: 32993033 | AM10: 0.505118 | AN10: 37900 | AO10: 2067.1551 | AP10: 78345178 | AQ10: 0.507299 | AR10: 23075 | AS10: 2074.1618 | AT10: 47861284 | AU10: 0.50404 | AV10: 30875 | AW10: 2079.5406 | AX10: 64205815 | AY10: 0.498252 | AZ10: 12400 | BA10: 2104.1223 | BB10: 26091117 | BC10: 0.503254 | BD10: 26450 | BE10: 2118.7192 | BF10: 56040122 | BG10: 0 | BH10: 0 | BI10: 0 | BJ10: 0 | BK10: 0.49937 | BL10: 30900 | BM10: 1931.0718 | BN10: 59670120 | BO10: 0.497959 | BP10: 40250 | BQ10: 1887.6868 | BR10: 75979392 | BS10: 0.498401 | BT10: 67325 | BU10: 1870.0103 | BV10: 125898445
B11: =CONCATENATE(E11,O11) -> #REF! | C11: =CONCATENATE(E11,R11) -> #REF! | D11: =CONCATENATE(E11,R11) -> #REF! | E11: =IF(G11=0,E10,G11) -> #REF! | F11: =IF(H11=0,F10,H11) -> #REF! | I11: TPAA103 | O11: 3403305 | P11: =+O11*1 -> 3403305 | Q11: =VLOOKUP(P11,[1]A!D:G,3,FALSE) -> R재 | R11: MPPO<S> | S11: 0.129998 | T11: 25800 | U11: 1946.62 | V11: 50222921 | W11: 0 | X11: 0 | Y11: 0 | Z11: 0 | AA11: 0 | AB11: 0 | AC11: 0 | AD11: 0 | AE11: 0 | AF11: 0 | AG11: 0 | AH11: 0 | AI11: 0 | AJ11: 0 | AK11: 0 | AL11: 0 | AM11: 0 | AN11: 0 | AO11: 0 | AP11: 0 | AQ11: 0 | AR11: 0 | AS11: 0 | AT11: 0 | AU11: 0 | AV11: 0 | AW11: 0 | AX11: 0 | AY11: 0 | AZ11: 0 | BA11: 0 | BB11: 0 | BC11: 0 | BD11: 0 | BE11: 0 | BF11: 0 | BG11: 0 | BH11: 0 | BI11: 0 | BJ11: 0 | BK11: 0 | BL11: 0 | BM11: 0 | BN11: 0 | BO11: 0 | BP11: 0 | BQ11: 0 | BR11: 0 | BS11: 0 | BT11: 0 | BU11: 0 | BV11: 0
B12: =CONCATENATE(E12,O12) -> #REF! | C12: =CONCATENATE(E12,R12) -> #REF! | D12: =CONCATENATE(E12,R12) -> #REF! | E12: =IF(G12=0,E11,G12) -> #REF! | F12: =IF(H12=0,F11,H12) -> #REF! | I12: TPAA103 | O12: 3403309 | P12: =+O12*1 -> 3403309 | Q12: =VLOOKUP(P12,[1]A!D:G,3,FALSE) -> R재 | R12: MPPO<EK> | S12: 0 | T12: 0 | U12: 0 | V12: 0 | W12: 0.013081 | X12: 600 | Y12: 1860.34 | Z12: 1116204 | AA12: 0 | AB12: 0 | AC12: 0 | AD12: 0 | AE12: 0 | AF12: 0 | AG12: 0 | AH12: 0 | AI12: 0 | AJ12: 0 | AK12: 0 | AL12: 0 | AM12: 0 | AN12: 0 | AO12: 0 | AP12: 0 | AQ12: 0 | AR12: 0 | AS12: 0 | AT12: 0 | AU12: 0 | AV12: 0 | AW12: 0 | AX12: 0 | AY12: 0 | AZ12: 0 | BA12: 0 | BB12: 0 | BC12: 0 | BD12: 0 | BE12: 0 | BF12: 0 | BG12: 0 | BH12: 0 | BI12: 0 | BJ12: 0 | BK12: 0 | BL12: 0 | BM12: 0 | BN12: 0 | BO12: 0 | BP12: 0 | BQ12: 0 | BR12: 0 | BS12: 0 | BT12: 0 | BU12: 0 | BV12: 0
B13: =CONCATENATE(E13,O13) -> #REF! | C13: =CONCATENATE(E13,R13) -> #REF! | D13: =CONCATENATE(E13,R13) -> #REF! | E13: =IF(G13=0,E12,G13) -> #REF! | F13: =IF(H13=0,F12,H13) -> #REF! | I13: TPAA103 | O13: 3403311 | P13: =+O13*1 -> 3403311 | Q13: =VLOOKUP(P13,[1]A!D:G,3,FALSE) -> R재 | R13: MPPO<DW> | S13: 0 | T13: 0 | U13: 0 | V13: 0 | W13: 0 | X13: 0 | Y13: 0 | Z13: 0 | AA13: 0 | AB13: 0 | AC13: 0 | AD13: 0 | AE13: 0 | AF13: 0 | AG13: 0 | AH13: 0 | AI13: 0 | AJ13: 0 | AK13: 0 | AL13: 0 | AM13: 0 | AN13: 0 | AO13: 0 | AP13: 0 | AQ13: 0 | AR13: 0 | AS13: 0 | AT13: 0 | AU13: 0 | AV13: 0 | AW13: 0 | AX13: 0 | AY13: 0 | AZ13: 0 | BA13: 0 | BB13: 0 | BC13: 0 | BD13: 0 | BE13: 0 | BF13: 0 | BG13: 0 | BH13: 0 | BI13: 0 | BJ13: 0 | BK13: 0 | BL13: 0 | BM13: 0 | BN13: 0 | BO13: 0 | BP13: 0 | BQ13: 0 | BR13: 0 | BS13: 0 | BT13: 0 | BU13: 0 | BV13: 0
B14: =CONCATENATE(E14,O14) -> #REF! | C14: =CONCATENATE(E14,R14) -> #REF! | D14: =CONCATENATE(E14,R14) -> #REF! | E14: =IF(G14=0,E13,G14) -> #REF! | F14: =IF(H14=0,F13,H14) -> #REF! | I14: TPAA103 | O14: 3403323 | P14: =+O14*1 -> 3403323 | Q14: =VLOOKUP(P14,[1]A!D:G,3,FALSE) -> R재 | R14: MPPO<PK> | W14: 0.112276 | X14: 5150 | Y14: 1460 | Z14: 7519000 | AA14: 0.111369 | AB14: 24825 | AC14: 1460 | AD14: 36244500 | AE14: 0 | AF14: 0 | AG14: 0 | AH14: 0 | AI14: 0 | AJ14: 0 | AK14: 0 | AL14: 0 | AM14: 0 | AN14: 0 | AO14: 0 | AP14: 0 | AQ14: 0 | AR14: 0 | AS14: 0 | AT14: 0 | AU14: 0 | AV14: 0 | AW14: 0 | AX14: 0 | AY14: 0 | AZ14: 0 | BA14: 0 | BB14: 0 | BC14: 0 | BD14: 0 | BE14: 0 | BF14: 0 | BG14: 0 | BH14: 0 | BI14: 0 | BJ14: 0 | BK14: 0 | BL14: 0 | BM14: 0 | BN14: 0
B15: =CONCATENATE(E15,O15) -> #REF! | C15: =CONCATENATE(E15,R15) -> #REF! | D15: =CONCATENATE(E15,R15) -> #REF! | E15: =IF(G15=0,E12,G15) -> #REF! | F15: =IF(H15=0,F12,H15) -> #REF! | I15: TPAA103 | O15: 3404303 | P15: =+O15*1 -> 3404303 | Q15: =VLOOKUP(P15,[1]A!D:G,3,FALSE) -> R재 | R15: MPSU(B) | S15: 0 | T15: 0 | U15: 0 | V15: 0 | W15: 0 | X15: 0 | Y15: 0 | Z15: 0 | AA15: 0 | AB15: 0 | AC15: 0 | AD15: 0 | AE15: 0 | AF15: 0 | AG15: 0 | AH15: 0 | AI15: 0 | AJ15: 0 | AK15: 0 | AL15: 0 | AM15: 0 | AN15: 0 | AO15: 0 | AP15: 0 | AQ15: 0 | AR15: 0 | AS15: 0 | AT15: 0 | AU15: 0 | AV15: 0 | AW15: 0 | AX15: 0 | AY15: 0 | AZ15: 0 | BA15: 0 | BB15: 0 | BC15: 0 | BD15: 0 | BE15: 0 | BF15: 0 | BG15: 0 | BH15: 0 | BI15: 0 | BJ15: 0 | BK15: 0 | BL15: 0 | BM15: 0 | BN15: 0 | BO15: 0 | BP15: 0 | BQ15: 0 | BR15: 0 | BS15: 0 | BT15: 0 | BU15: 0 | BV15: 0
B16: =CONCATENATE(E16,O16) -> #REF! | C16: =CONCATENATE(E16,R16) -> #REF! | D16: =CONCATENATE(E16,R16) -> #REF! | E16: =IF(G16=0,E13,G16) -> #REF! | F16: =IF(H16=0,F13,H16) -> #REF! | I16: TPAA103 | O16: 3403313 | P16: =+O16*1 -> 3403313 | Q16: =VLOOKUP(P16,[1]A!D:G,3,FALSE) -> R재 | R16: MPPO<GF-A> | S16: 0.17333 | T16: 34400 | U16: 1787.69 | V16: 61496495 | W16: 0.112276 | X16: 5150 | Y16: 1819 | Z16: 9367830 | AA16: 0.111369 | AB16: 24825 | AC16: 1829.5663 | AD16: 45418984 | AE16: 0 | AF16: 0 | AG16: 0 | AH16: 0 | AI16: 0.151561 | AJ16: 5000 | AK16: 1876.8418 | AL16: 9384209 | AM16: 0.155933 | AN16: 11700 | AO16: 1879.5079 | AP16: 21990243 | AQ16: 0.156092 | AR16: 7100 | AS16: 1880.1084 | AT16: 13348770 | AU16: 0.155498 | AV16: 9525 | AW16: 1880.1085 | AX16: 17908033 | AY16: 0.153695 | AZ16: 3825 | BA16: 1879.3156 | BB16: 7188382 | BC16: 0.155067 | BD16: 8150 | BE16: 1926.4492 | BF16: 15700561 | BG16: 0 | BH16: 0 | BI16: 0 | BJ16: 0 | BK16: 0.153932 | BL16: 9525 | BM16: 1743.1858 | BN16: 16603845 | BO16: 0.153408 | BP16: 12400 | BQ16: 1667.8819 | BR16: 20681735 | BS16: 0.15361 | BT16: 20750 | BU16: 1656.7833 | BV16: 34378254
C17: =CONCATENATE(E17,R17) -> #REF! | E17: =IF(G17=0,E16,G17) -> #REF! | I17: TPAA103 | Q17: =VLOOKUP(P17,[1]A!D:G,3,FALSE) -> 0 | R17: =+Q16 -> R재 | S17: 0.642305 | T17: 127475 | U17: 1854.4507 | V17: 236396097 | W17: 0.637467 | X17: 29240 | Y17: 1836.1077 | Z17: 53687788 | AA17: 0.631648 | AB17: 140799 | AC17: 1856.0322 | AD17: 261327481 | AE17: 0 | AF17: 0 | AG17: 0 | AH17: 0 | AI17: 0.642619 | AJ17: 21200 | AK17: 1998.9265 | AL17: 42377242 | AM17: 0.661051 | AN17: 49600 | AO17: 2022.8916 | AP17: 100335421 | AQ17: 0.663391 | AR17: 30175 | AS17: 2028.5022 | AT17: 61210054 | AU17: 0.659538 | AV17: 40400 | AW17: 2032.521 | AX17: 82113848 | AY17: 0.651947 | AZ17: 16225 | BA17: 2051.1247 | BB17: 33279499 | BC17: 0.658321 | BD17: 34600 | BE17: 2073.4301 | BF17: 71740683 | BG17: 0 | BH17: 0 | BI17: 0 | BJ17: 0 | BK17: 0.653302 | BL17: 40425 | BM17: 1886.8019 | BN17: 76273965 | BO17: 0.651367 | BP17: 52650 | BQ17: 1835.9188 | BR17: 96661127 | BS17: 0.652011 | BT17: 88075 | BU17: 1819.7752 | BV17: 160276699
B18: =CONCATENATE(E18,O18) -> #REF! | C18: =CONCATENATE(E18,R18) -> #REF! | D18: =CONCATENATE(E18,R18) -> #REF! | E18: =IF(G18=0,E17,G18) -> #REF! | F18: =IF(H18=0,F10,H18) -> #REF! | I18: TPAA103 | O18: 3414085 | P18: =+O18*1 -> 3414085 | Q18: =VLOOKUP(P18,[1]A!D:G,3,FALSE) -> SEBS | R18: YJ-5085AN | S18: 0 | T18: 0 | U18: 0 | V18: 0 | W18: 0 | X18: 0 | Y18: 0 | Z18: 0 | AA18: 0 | AB18: 0 | AC18: 0 | AD18: 0 | AE18: 0 | AF18: 0 | AG18: 0 | AH18: 0 | AI18: 0 | AJ18: 0 | AK18: 0 | AL18: 0 | AM18: 0 | AN18: 0 | AO18: 0 | AP18: 0 | AQ18: 0 | AR18: 0 | AS18: 0 | AT18: 0 | AU18: 0 | AV18: 0 | AW18: 0 | AX18: 0 | AY18: 0 | AZ18: 0 | BA18: 0 | BB18: 0 | BC18: 0 | BD18: 0 | BE18: 0 | BF18: 0 | BG18: 0 | BH18: 0 | BI18: 0 | BJ18: 0 | BK18: 0 | BL18: 0 | BM18: 0 | BN18: 0 | BO18: 0 | BP18: 0 | BQ18: 0 | BR18: 0 | BS18: 0 | BT18: 0 | BU18: 0 | BV18: 0
B19: =CONCATENATE(E19,O19) -> #REF! | C19: =CONCATENATE(E19,R19) -> #REF! | D19: =CONCATENATE(E19,R19) -> #REF! | E19: =IF(G19=0,E18,G19) -> #REF! | F19: =IF(H19=0,F11,H19) -> #REF! | I19: TPAA103 | O19: 3414086 | P19: =+O19*1 -> 3414086 | Q19: =VLOOKUP(P19,[1]A!D:G,3,FALSE) -> SEBS | R19: YJ-5085AKG | S19: 0.037664 | T19: 7475 | U19: 4200 | V19: 31395000 | W19: 0.03837 | X19: 1760 | Y19: 4200 | Z19: 7392000 | AA19: 0.037123 | AB19: 8275 | AC19: 4084.6247 | AD19: 33800269 | AE19: 0 | AF19: 0 | AG19: 0 | AH19: 0 | AI19: 0.037132 | AJ19: 1225 | AK19: 4210.6245 | AL19: 5158015 | AM19: 0.038983 | AN19: 2925 | AO19: 4251.8574 | AP19: 12436683 | AQ19: 0.039023 | AR19: 1775 | AS19: 4251.8575 | AT19: 7547047 | AU19: 0.038772 | AV19: 2375 | AW19: 4251.8577 | AX19: 10098162 | AY19: 0.038173 | AZ19: 950 | BA19: 4250.5505 | BB19: 4038023 | BC19: 0.038529 | BD19: 2025 | BE19: 4250.5501 | BF19: 8607364 | BG19: 0 | BH19: 0 | BI19: 0 | BJ19: 0 | BK19: 0.038786 | BL19: 2400 | BM19: 4547.7604 | BN19: 10914625 | BO19: 0.038352 | BP19: 3100 | BQ19: 4596.61 | BR19: 14249491 | BS19: 0.03831 | BT19: 5175 | BU19: 4390.9561 | BV19: 22723198
C20: =CONCATENATE(E20,R20) -> #REF! | E20: =IF(G20=0,E19,G20) -> #REF! | I20: TPAA103 | Q20: =VLOOKUP(P20,[1]A!D:G,3,FALSE) -> 0 | R20: =+Q19 -> SEBS | S20: 0.037664 | T20: 7475 | U20: 4200 | V20: 31395000 | W20: 0.03837 | X20: 1760 | Y20: 4200 | Z20: 7392000 | AA20: 0.037123 | AB20: 8275 | AC20: 4084.6247 | AD20: 33800269 | AE20: 0 | AF20: 0 | AG20: 0 | AH20: 0 | AI20: 0.037132 | AJ20: 1225 | AK20: 4210.6245 | AL20: 5158015 | AM20: 0.038983 | AN20: 2925 | AO20: 4251.8574 | AP20: 12436683 | AQ20: 0.039023 | AR20: 1775 | AS20: 4251.8575 | AT20: 7547047 | AU20: 0.038772 | AV20: 2375 | AW20: 4251.8577 | AX20: 10098162 | AY20: 0.038173 | AZ20: 950 | BA20: 4250.5505 | BB20: 4038023 | BC20: 0.038529 | BD20: 2025 | BE20: 4250.5501 | BF20: 8607364 | BG20: 0 | BH20: 0 | BI20: 0 | BJ20: 0 | BK20: 0.038786 | BL20: 2400 | BM20: 4547.7604 | BN20: 10914625 | BO20: 0.038352 | BP20: 3100 | BQ20: 4596.61 | BR20: 14249491 | BS20: 0.03831 | BT20: 5175 | BU20: 4390.9561 | BV20: 22723198
B21: =CONCATENATE(E21,O21) -> #REF! | C21: =CONCATENATE(E21,R21) -> #REF! | D21: =CONCATENATE(E21,R21) -> #REF! | E21: =IF(G21=0,E18,G21) -> #REF! | F21: =IF(H21=0,F11,H21) -> #REF! | I21: TPAA103 | O21: 3457002 | P21: =+O21*1 -> 3457002 | Q21: =VLOOKUP(P21,[1]A!D:G,3,FALSE) -> 0 | R21: C/F S-75(YJC-205) | S21: 0 | T21: 0 | U21: 0 | V21: 0 | W21: 0 | X21: 0 | Y21: 0 | Z21: 0 | AA21: 0 | AB21: 0 | AC21: 0 | AD21: 0 | AE21: 0 | AF21: 0 | AG21: 0 | AH21: 0 | AI21: 0 | AJ21: 0 | AK21: 0 | AL21: 0 | AM21: 0 | AN21: 0 | AO21: 0 | AP21: 0 | AQ21: 0 | AR21: 0 | AS21: 0 | AT21: 0 | AU21: 0 | AV21: 0 | AW21: 0 | AX21: 0 | AY21: 0 | AZ21: 0 | BA21: 0 | BB21: 0 | BC21: 0 | BD21: 0 | BE21: 0 | BF21: 0 | BG21: 0 | BH21: 0 | BI21: 0 | BJ21: 0 | BK21: 0 | BL21: 0 | BM21: 0 | BN21: 0 | BO21: 0 | BP21: 0 | BQ21: 0 | BR21: 0 | BS21: 0 | BT21: 0 | BU21: 0 | BV21: 0
B22: =CONCATENATE(E22,O22) -> #REF! | C22: =CONCATENATE(E22,R22) -> #REF! | D22: =CONCATENATE(E22,R22) -> #REF! | E22: =IF(G22=0,E21,G22) -> #REF! | F22: =IF(H22=0,F12,H22) -> #REF! | I22: TPAA103 | O22: 3457011 | P22: =+O22*1 -> 3457011 | Q22: =VLOOKUP(P22,[1]A!D:G,3,FALSE) -> 0 | R22: ACECA-6PU | S22: 0 | T22: 0 | U22: 0 | V22: 0 | W22: 0 | X22: 0 | Y22: 0 | Z22: 0 | AA22: 0 | AB22: 0 | AC22: 0 | AD22: 0 | AE22: 0 | AF22: 0 | AG22: 0 | AH22: 0 | AI22: 0 | AJ22: 0 | AK22: 0 | AL22: 0 | AM22: 0 | AN22: 0 | AO22: 0 | AP22: 0 | AQ22: 0 | AR22: 0 | AS22: 0 | AT22: 0 | AU22: 0 | AV22: 0 | AW22: 0 | AX22: 0 | AY22: 0 | AZ22: 0 | BA22: 0 | BB22: 0 | BC22: 0 | BD22: 0 | BE22: 0 | BF22: 0 | BG22: 0 | BH22: 0 | BI22: 0 | BJ22: 0 | BK22: 0 | BL22: 0 | BM22: 0 | BN22: 0 | BO22: 0 | BP22: 0 | BQ22: 0 | BR22: 0 | BS22: 0 | BT22: 0 | BU22: 0 | BV22: 0
B23: =CONCATENATE(E23,O23) -> #REF! | C23: =CONCATENATE(E23,R23) -> #REF! | D23: =CONCATENATE(E23,R23) -> #REF! | E23: =IF(G23=0,E22,G23) -> #REF! | F23: =IF(H23=0,F13,H23) -> #REF! | I23: TPAA103 | O23: 3457015 | P23: =+O23*1 -> 3457015 | Q23: =VLOOKUP(P23,[1]A!D:G,3,FALSE) -> C/F | R23: RCA(ZOLTEK) | S23: 0.000267 | T23: 53 | U23: 13778.98 | V23: 730286 | W23: 0.04805 | X23: 2204 | Y23: 14373.57 | Z23: 31679348 | AA23: 0.050474 | AB23: 11251 | AC23: 14782.044 | AD23: 166312782 | AE23: 0 | AF23: 0 | AG23: 0 | AH23: 0 | AI23: 0 | AJ23: 0 | AK23: 0 | AL23: 0 | AM23: 0 | AN23: 0 | AO23: 0 | AP23: 0 | AQ23: 0 | AR23: 0 | AS23: 0 | AT23: 0 | AU23: 0 | AV23: 0 | AW23: 0 | AX23: 0 | AY23: 0 | AZ23: 0 | BA23: 0 | BB23: 0 | BC23: 0 | BD23: 0 | BE23: 0 | BF23: 0 | BG23: 0 | BH23: 0 | BI23: 0 | BJ23: 0 | BK23: 0.011636 | BL23: 720 | BM23: 15959.9 | BN23: 11491128 | BO23: 0 | BP23: 0 | BQ23: 0 | BR23: 0 | BS23: 0 | BT23: 0 | BU23: 0 | BV23: 0
B24: =CONCATENATE(E24,O24) -> #REF! | C24: =CONCATENATE(E24,R24) -> #REF! | D24: =CONCATENATE(E24,R24) -> #REF! | E24: =IF(G24=0,E23,G24) -> #REF! | F24: =IF(H24=0,F16,H24) -> #REF! | I24: TPAA103 | O24: 3457017 | P24: =+O24*1 -> 3457017 | Q24: =VLOOKUP(P24,[1]A!D:G,3,FALSE) -> 0 | R24: C/F DIC(201) | S24: 0 | T24: 0 | U24: 0 | V24: 0 | W24: 0 | X24: 0 | Y24: 0 | Z24: 0 | AA24: 0 | AB24: 0 | AC24: 0 | AD24: 0 | AE24: 0 | AF24: 0 | AG24: 0 | AH24: 0 | AI24: 0 | AJ24: 0 | AK24: 0 | AL24: 0 | AM24: 0 | AN24: 0 | AO24: 0 | AP24: 0 | AQ24: 0 | AR24: 0 | AS24: 0 | AT24: 0 | AU24: 0 | AV24: 0 | AW24: 0 | AX24: 0 | AY24: 0 | AZ24: 0 | BA24: 0 | BB24: 0 | BC24: 0 | BD24: 0 | BE24: 0 | BF24: 0 | BG24: 0 | BH24: 0 | BI24: 0 | BJ24: 0 | BK24: 0 | BL24: 0 | BM24: 0 | BN24: 0 | BO24: 0 | BP24: 0 | BQ24: 0 | BR24: 0 | BS24: 0 | BT24: 0 | BU24: 0 | BV24: 0
B25: =CONCATENATE(E25,O25) -> #REF! | C25: =CONCATENATE(E25,R25) -> #REF! | D25: =CONCATENATE(E25,R25) -> #REF! | E25: =IF(G25=0,E24,G25) -> #REF! | F25: =IF(H25=0,F18,H25) -> #REF! | I25: TPAA103 | O25: 3457031 | P25: =+O25*1 -> 3457031 | Q25: =VLOOKUP(P25,[1]A!D:G,3,FALSE) -> C/F | R25: C/F CT+SM45D-06-50 | S25: 0 | T25: 0 | U25: 0 | V25: 0 | W25: 0 | X25: 0 | Y25: 0 | Z25: 0 | AA25: 0 | AB25: 0 | AC25: 0 | AD25: 0 | AE25: 0 | AF25: 0 | AG25: 0 | AH25: 0 | AI25: 0 | AJ25: 0 | AK25: 0 | AL25: 0 | AM25: 0 | AN25: 0 | AO25: 0 | AP25: 0 | AQ25: 0 | AR25: 0 | AS25: 0 | AT25: 0 | AU25: 0 | AV25: 0 | AW25: 0 | AX25: 0 | AY25: 0 | AZ25: 0 | BA25: 0 | BB25: 0 | BC25: 0 | BD25: 0 | BE25: 0 | BF25: 0 | BG25: 0 | BH25: 0 | BI25: 0 | BJ25: 0 | BK25: 0 | BL25: 0 | BM25: 0 | BN25: 0 | BO25: 0 | BP25: 0 | BQ25: 0 | BR25: 0 | BS25: 0 | BT25: 0 | BU25: 0 | BV25: 0
B26: =CONCATENATE(E26,O26) -> #REF! | C26: =CONCATENATE(E26,R26) -> #REF! | D26: =CONCATENATE(E26,R26) -> #REF! | E26: =IF(G26=0,E24,G26) -> #REF! | F26: =IF(H26=0,F24,H26) -> #REF! | I26: TPAA103 | O26: 3457001 | P26: =+O26*1 -> 3457001 | Q26: =VLOOKUP(P26,[1]A!D:G,3,FALSE) -> C/F | R26: C/F 통합품 | S26: 0 | T26: 0 | U26: 0 | V26: 0 | W26: 0 | X26: 0 | Y26: 0 | Z26: 0 | AA26: 0 | AB26: 0 | AC26: 0 | AD26: 0 | AE26: 0 | AF26: 0 | AG26: 0 | AH26: 0 | AI26: 0 | AJ26: 0 | AK26: 0 | AL26: 0 | AM26: 0 | AN26: 0 | AO26: 0 | AP26: 0 | AQ26: 0 | AR26: 0 | AS26: 0 | AT26: 0 | AU26: 0 | AV26: 0 | AW26: 0 | AX26: 0 | AY26: 0 | AZ26: 0 | BA26: 0 | BB26: 0 | BC26: 0 | BD26: 0 | BE26: 0 | BF26: 0 | BG26: 0 | BH26: 0 | BI26: 0 | BJ26: 0 | BK26: 0 | BL26: 0 | BM26: 0 | BN26: 0 | BO26: 0 | BP26: 0 | BQ26: 0 | BR26: 0 | BS26: 0 | BT26: 0 | BU26: 0 | BV26: 0
B27: =CONCATENATE(E27,O27) -> #REF! | C27: =CONCATENATE(E27,R27) -> #REF! | D27: =CONCATENATE(E27,R27) -> #REF! | E27: =IF(G27=0,E25,G27) -> #REF! | F27: =IF(H27=0,F25,H27) -> #REF! | I27: TPAA103 | O27: 3457041 | P27: =+O27*1 -> 3457041 | Q27: =VLOOKUP(P27,[1]A!D:G,3,FALSE) -> C/F | R27: C/F KRC-U12(TEIJIN) | S27: 0.043343 | T27: 8602 | U27: 9497.51 | V27: 81697596 | W27: 0 | X27: 0 | Y27: 0 | Z27: 0 | AA27: 0 | AB27: 0 | AC27: 0 | AD27: 0 | AE27: 0 | AF27: 0 | AG27: 0 | AH27: 0 | AI27: 0.039618 | AJ27: 1307 | AK27: 9528.974 | AL27: 12454369 | AM27: 0.039796 | AN27: 2986 | AO27: 9450.0117 | AP27: 28217735 | AQ27: 0.04065 | AR27: 1849 | AS27: 9450.0119 | AT27: 17473072 | AU27: 0.04096 | AV27: 2509 | AW27: 9466.1989 | AX27: 23750693 | AY27: 0.039981 | AZ27: 995 | BA27: 9591.9075 | BB27: 9543948 | BC27: 0.039613 | BD27: 2082 | BE27: 9688.8372 | BF27: 20172159 | BG27: 0 | BH27: 0 | BI27: 0 | BJ27: 0 | BK27: 0.035845 | BL27: 2218 | BM27: 9625.2583 | BN27: 21348823 | BO27: 0.043227 | BP27: 3494 | BQ27: 9625.2582 | BR27: 33630652 | BS27: 0.040124 | BT27: 5420 | BU27: 10020.492 | BV27: 54311069
C28: =CONCATENATE(E28,R28) -> #REF! | E28: =IF(G28=0,E27,G28) -> #REF! | I28: TPAA103 | Q28: =VLOOKUP(P28,[1]A!D:G,3,FALSE) -> 0 | R28: =+Q27 -> C/F | S28: 0.04361 | T28: 8655 | U28: 9523.7299 | V28: 82427882 | W28: 0.04805 | X28: 2204 | Y28: 14373.57 | Z28: 31679348 | AA28: 0.050474 | AB28: 11251 | AC28: 14782.044 | AD28: 166312782 | AE28: 0 | AF28: 0 | AG28: 0 | AH28: 0 | AI28: 0.039618 | AJ28: 1307 | AK28: 9528.974 | AL28: 12454369 | AM28: 0.039796 | AN28: 2986 | AO28: 9450.0117 | AP28: 28217735 | AQ28: 0.04065 | AR28: 1849 | AS28: 9450.0119 | AT28: 17473072 | AU28: 0.04096 | AV28: 2509 | AW28: 9466.1989 | AX28: 23750693 | AY28: 0.039981 | AZ28: 995 | BA28: 9591.9075 | BB28: 9543948 | BC28: 0.039613 | BD28: 2082 | BE28: 9688.8372 | BF28: 20172159 | BG28: 0 | BH28: 0 | BI28: 0 | BJ28: 0 | BK28: 0.047481 | BL28: 2938 | BM28: 11177.655 | BN28: 32839951 | BO28: 0.043227 | BP28: 3494 | BQ28: 9625.2582 | BR28: 33630652 | BS28: 0.040124 | BT28: 5420 | BU28: 10020.492 | BV28: 54311069
B29: =CONCATENATE(E29,O29) -> #REF! | C29: =CONCATENATE(E29,R29) -> #REF! | D29: =CONCATENATE(E29,R29) -> #REF! | E29: =IF(G29=0,E28,G29) -> #REF! | F29: =IF(H29=0,F27,H29) -> #REF! | I29: TPAA103 | O29: 3459002 | P29: =+O29*1 -> 3459002 | Q29: =VLOOKUP(P29,[1]A!D:G,3,FALSE) -> G/F | R29: G/F KCC-CS311/395 | S29: 0 | T29: 0 | U29: 0 | V29: 0 | W29: 0.127864 | X29: 5865 | Y29: 1577.02 | Z29: 9249238 | AA29: 0.053453 | AB29: 11915 | AC29: 1596.6412 | AD29: 19023980 | AE29: 0 | AF29: 0 | AG29: 0 | AH29: 0 | AI29: 0.129069 | AJ29: 4258 | AK29: 1613.0669 | AL29: 6868439 | AM29: 0.103569 | AN29: 7771 | AO29: 1613.0669 | AP29: 12535143 | AQ29: 0.100844 | AR29: 4587 | AS29: 1613.0669 | AT29: 7399138 | AU29: 0.10564 | AV29: 6471 | AW29: 1613.0669 | AX29: 10438156 | AY29: 0.116205 | AZ29: 2892 | BA29: 1610.2113 | BB29: 4656731 | BC29: 0.108471 | BD29: 5701 | BE29: 1610.2112 | BF29: 9179814 | BG29: 0 | BH29: 0 | BI29: 0 | BJ29: 0 | BK29: 0.1065 | BL29: 6590 | BM29: 1608.0053 | BN29: 10596755 | BO29: 0.113646 | BP29: 9186 | BQ29: 1500 | BR29: 13779000 | BS29: 0.05265 | BT29: 7112 | BU29: 1469.2109 | BV29: 10449028
B30: =CONCATENATE(E30,O30) -> #REF! | C30: =CONCATENATE(E30,R30) -> #REF! | D30: =CONCATENATE(E30,R30) -> #REF! | E30: =IF(G30=0,E29,G30) -> #REF! | F30: =IF(H30=0,F27,H30) -> #REF! | I30: TPAA103 | O30: 3459011 | P30: =+O30*1 -> 3459011 | Q30: =VLOOKUP(P30,[1]A!D:G,3,FALSE) -> G/F | R30: T435N(태산) | S30: 0.125765 | T30: 24960 | U30: 1614.33 | V30: 40293559 | W30: 0 | X30: 0 | Y30: 0 | Z30: 0 | AA30: 0 | AB30: 0 | AC30: 0 | AD30: 0 | AE30: 0 | AF30: 0 | AG30: 0 | AH30: 0 | AI30: 0 | AJ30: 0 | AK30: 0 | AL30: 0 | AM30: 0 | AN30: 0 | AO30: 0 | AP30: 0 | AQ30: 0 | AR30: 0 | AS30: 0 | AT30: 0 | AU30: 0 | AV30: 0 | AW30: 0 | AX30: 0 | AY30: 0 | AZ30: 0 | BA30: 0 | BB30: 0 | BC30: 0 | BD30: 0 | BE30: 0 | BF30: 0 | BG30: 0 | BH30: 0 | BI30: 0 | BJ30: 0 | BK30: 0 | BL30: 0 | BM30: 0 | BN30: 0 | BO30: 0 | BP30: 0 | BQ30: 0 | BR30: 0 | BS30: 0.063665 | BT30: 8600 | BU30: 1455.4336 | BV30: 12516729
B31: =CONCATENATE(E31,O31) -> #REF! | C31: =CONCATENATE(E31,R31) -> #REF! | D31: =CONCATENATE(E31,R31) -> #REF! | E31: =IF(G31=0,E30,G31) -> #REF! | F31: =IF(H31=0,F27,H31) -> #REF! | I31: TPAA103 | O31: 3459012 | P31: =+O31*1 -> 3459012 | Q31: =VLOOKUP(P31,[1]A!D:G,3,FALSE) -> G/F | R31: G/F T436(태산) | S31: 0 | T31: 0 | U31: 0 | V31: 0 | W31: 0 | X31: 0 | Y31: 0 | Z31: 0 | AA31: 0 | AB31: 0 | AC31: 0 | AD31: 0 | AE31: 0 | AF31: 0 | AG31: 0 | AH31: 0 | AI31: 0 | AJ31: 0 | AK31: 0 | AL31: 0 | AM31: 0 | AN31: 0 | AO31: 0 | AP31: 0 | AQ31: 0 | AR31: 0 | AS31: 0 | AT31: 0 | AU31: 0 | AV31: 0 | AW31: 0 | AX31: 0 | AY31: 0 | AZ31: 0 | BA31: 0 | BB31: 0 | BC31: 0 | BD31: 0 | BE31: 0 | BF31: 0 | BG31: 0 | BH31: 0 | BI31: 0 | BJ31: 0 | BK31: 0 | BL31: 0 | BM31: 0 | BN31: 0 | BO31: 0 | BP31: 0 | BQ31: 0 | BR31: 0 | BS31: 0 | BT31: 0 | BU31: 0 | BV31: 0
B32: =CONCATENATE(E32,O32) -> #REF! | C32: =CONCATENATE(E32,R32) -> #REF! | D32: =CONCATENATE(E32,R32) -> #REF! | E32: =IF(G32=0,E31,G32) -> #REF! | F32: =IF(H32=0,F25,H32) -> #REF! | I32: TPAA103 | O32: 3459021 | P32: =+O32*1 -> 3459021 | Q32: =VLOOKUP(P32,[1]A!D:G,3,FALSE) -> G/F | R32: CS04-910 10P | S32: 0 | T32: 0 | U32: 0 | V32: 0 | W32: 0 | X32: 0 | Y32: 0 | Z32: 0 | AA32: 0 | AB32: 0 | AC32: 0 | AD32: 0 | AE32: 0 | AF32: 0 | AG32: 0 | AH32: 0 | AI32: 0 | AJ32: 0 | AK32: 0 | AL32: 0 | AM32: 0 | AN32: 0 | AO32: 0 | AP32: 0 | AQ32: 0 | AR32: 0 | AS32: 0 | AT32: 0 | AU32: 0 | AV32: 0 | AW32: 0 | AX32: 0 | AY32: 0 | AZ32: 0 | BA32: 0 | BB32: 0 | BC32: 0 | BD32: 0 | BE32: 0 | BF32: 0 | BG32: 0 | BH32: 0 | BI32: 0 | BJ32: 0 | BK32: 0 | BL32: 0 | BM32: 0 | BN32: 0 | BO32: 0 | BP32: 0 | BQ32: 0 | BR32: 0 | BS32: 0 | BT32: 0 | BU32: 0 | BV32: 0
B33: =CONCATENATE(E33,O33) -> #REF! | C33: =CONCATENATE(E33,R33) -> #REF! | D33: =CONCATENATE(E33,R33) -> #REF! | E33: =IF(G33=0,E32,G33) -> #REF! | F33: =IF(H33=0,F27,H33) -> #REF! | I33: TPAA103 | O33: 3459022 | P33: =+O33*1 -> 3459022 | Q33: =VLOOKUP(P33,[1]A!D:G,3,FALSE) -> G/F | R33: CS 995-10P | S33: 0 | T33: 0 | U33: 0 | V33: 0 | W33: 0 | X33: 0 | Y33: 0 | Z33: 0 | AA33: 0 | AB33: 0 | AC33: 0 | AD33: 0 | AE33: 0 | AF33: 0 | AG33: 0 | AH33: 0 | AI33: 0 | AJ33: 0 | AK33: 0 | AL33: 0 | AM33: 0 | AN33: 0 | AO33: 0 | AP33: 0 | AQ33: 0 | AR33: 0 | AS33: 0 | AT33: 0 | AU33: 0 | AV33: 0 | AW33: 0 | AX33: 0 | AY33: 0 | AZ33: 0 | BA33: 0 | BB33: 0 | BC33: 0 | BD33: 0 | BE33: 0 | BF33: 0 | BG33: 0 | BH33: 0 | BI33: 0 | BJ33: 0 | BK33: 0 | BL33: 0 | BM33: 0 | BN33: 0 | BO33: 0 | BP33: 0 | BQ33: 0 | BR33: 0 | BS33: 0 | BT33: 0 | BU33: 0 | BV33: 0
B34: =CONCATENATE(E34,O34) -> #REF! | C34: =CONCATENATE(E34,R34) -> #REF! | D34: =CONCATENATE(E34,R34) -> #REF! | E34: =IF(G34=0,E32,G34) -> #REF! | F34: =IF(H34=0,F33,H34) -> #REF! | I34: TPAA103 | O34: 3459029 | P34: =+O34*1 -> 3459029 | Q34: =VLOOKUP(P34,[1]A!D:G,3,FALSE) -> G/F | R34: G/F Changhai (중국) | S34: 0 | T34: 0 | U34: 0 | V34: 0 | W34: 0 | X34: 0 | Y34: 0 | Z34: 0 | AA34: 0.078809 | AB34: 17567 | AC34: 1639.1022 | AD34: 28794108 | AE34: 0 | AF34: 0 | AG34: 0 | AH34: 0 | AI34: 0 | AJ34: 0 | AK34: 0 | AL34: 0 | AM34: 0 | AN34: 0 | AO34: 0 | AP34: 0 | AQ34: 0 | AR34: 0 | AS34: 0 | AT34: 0 | AU34: 0 | AV34: 0 | AW34: 0 | AX34: 0 | AY34: 0 | AZ34: 0 | BA34: 0 | BB34: 0 | BC34: 0 | BD34: 0 | BE34: 0 | BF34: 0 | BG34: 0 | BH34: 0 | BI34: 0 | BJ34: 0 | BK34: 0 | BL34: 0 | BM34: 0 | BN34: 0 | BO34: 0 | BP34: 0 | BQ34: 0 | BR34: 0 | BS34: 0 | BT34: 0 | BU34: 0 | BV34: 0
B35: =CONCATENATE(E35,O35) -> #REF! | C35: =CONCATENATE(E35,R35) -> #REF! | D35: =CONCATENATE(E35,R35) -> #REF! | E35: =IF(G35=0,E32,G35) -> #REF! | F35: =IF(H35=0,F34,H35) -> #REF! | I35: TPAA103 | O35: 3459031 | P35: =+O35*1 -> 3459031 | Q35: =VLOOKUP(P35,[1]A!D:G,3,FALSE) -> G/F | R35: G/F HP3786 (대만) | S35: 0 | T35: 0 | U35: 0 | V35: 0 | W35: 0 | X35: 0 | Y35: 0 | Z35: 0 | AA35: 0 | AB35: 0 | AC35: 0 | AD35: 0 | AE35: 0 | AF35: 0 | AG35: 0 | AH35: 0 | AI35: 0 | AJ35: 0 | AK35: 0 | AL35: 0 | AM35: 0 | AN35: 0 | AO35: 0 | AP35: 0 | AQ35: 0 | AR35: 0 | AS35: 0 | AT35: 0 | AU35: 0 | AV35: 0 | AW35: 0 | AX35: 0 | AY35: 0 | AZ35: 0 | BA35: 0 | BB35: 0 | BC35: 0 | BD35: 0 | BE35: 0 | BF35: 0 | BG35: 0 | BH35: 0 | BI35: 0 | BJ35: 0 | BK35: 0 | BL35: 0 | BM35: 0 | BN35: 0 | BO35: 0 | BP35: 0 | BQ35: 0 | BR35: 0 | BS35: 0 | BT35: 0 | BU35: 0 | BV35: 0
B36: =CONCATENATE(E36,O36) -> #REF! | C36: =CONCATENATE(E36,R36) -> #REF! | D36: =CONCATENATE(E36,R36) -> #REF! | E36: =IF(G36=0,E33,G36) -> #REF! | F36: =IF(H36=0,F35,H36) -> #REF! | I36: TPAA103 | O36: 3459032 | P36: =+O36*1 -> 3459032 | Q36: =VLOOKUP(P36,[1]A!D:G,3,FALSE) -> G/F | R36: 국내G/F(NEG,OWENS,KCC) | S36: 0 | T36: 0 | U36: 0 | V36: 0 | W36: 0 | X36: 0 | Y36: 0 | Z36: 0 | AA36: 0 | AB36: 0 | AC36: 0 | AD36: 0 | AE36: 0 | AF36: 0 | AG36: 0 | AH36: 0 | AI36: 0 | AJ36: 0 | AK36: 0 | AL36: 0 | AM36: 0 | AN36: 0 | AO36: 0 | AP36: 0 | AQ36: 0 | AR36: 0 | AS36: 0 | AT36: 0 | AU36: 0 | AV36: 0 | AW36: 0 | AX36: 0 | AY36: 0 | AZ36: 0 | BA36: 0 | BB36: 0 | BC36: 0 | BD36: 0 | BE36: 0 | BF36: 0 | BG36: 0 | BH36: 0 | BI36: 0 | BJ36: 0 | BK36: 0 | BL36: 0 | BM36: 0 | BN36: 0 | BO36: 0 | BP36: 0 | BQ36: 0 | BR36: 0 | BS36: 0 | BT36: 0 | BU36: 0 | BV36: 0
C37: =CONCATENATE(E37,R37) -> #REF! | E37: =IF(G37=0,E36,G37) -> #REF! | I37: TPAA103 | Q37: =VLOOKUP(P37,[1]A!D:G,3,FALSE) -> 0 | R37: =+Q33 -> G/F | S37: 0.125765 | T37: 24960 | U37: 1614.3253 | V37: 40293559 | W37: 0.127864 | X37: 5865 | Y37: 1577.0227 | Z37: 9249238 | AA37: 0.132262 | AB37: 29482 | AC37: 1621.9418 | AD37: 47818088 | AE37: 0 | AF37: 0 | AG37: 0 | AH37: 0 | AI37: 0.129069 | AJ37: 4258 | AK37: 1613.0669 | AL37: 6868439 | AM37: 0.103569 | AN37: 7771 | AO37: 1613.0669 | AP37: 12535143 | AQ37: 0.100844 | AR37: 4587 | AS37: 1613.0669 | AT37: 7399138 | AU37: 0.10564 | AV37: 6471 | AW37: 1613.0669 | AX37: 10438156 | AY37: 0.116205 | AZ37: 2892 | BA37: 1610.2113 | BB37: 4656731 | BC37: 0.108471 | BD37: 5701 | BE37: 1610.2112 | BF37: 9179814 | BG37: 0 | BH37: 0 | BI37: 0 | BJ37: 0 | BK37: 0.1065 | BL37: 6590 | BM37: 1608.0053 | BN37: 10596755 | BO37: 0.113646 | BP37: 9186 | BQ37: 1500 | BR37: 13779000 | BS37: 0.116315 | BT37: 15712 | BU37: 1461.6699 | BV37: 22965757
B38: =CONCATENATE(E38,O38) -> 1103067 | C38: =CONCATENATE(E38,R38) -> 1103067생산투입 | D38: =CONCATENATE(E38,R38) -> 1103067생산투입 | E38: 1103067 | F38: =CONCATENATE(F29,R38) -> #REF! | I38: TPAA103 | P38: =+O38*1 -> 0 | Q38: =VLOOKUP(P38,[1]A!D:G,3,FALSE) -> 0 | R38: 생산투입 | S38: 1 | T38: 198465 | U38: 2487.8509 | V38: 493751334 | W38: 0.999999 | X38: 45869 | Y38: 2752.0013 | Z38: 126231549 | AA38: 0.999999 | AB38: 222907 | AC38: 2837.86 | AD38: 632578859 | AE38: 0 | AF38: 0 | AG38: 0 | AH38: 0 | AI38: 0.999999 | AJ38: 32990 | AK38: 2582.0114 | AL38: 85180556 | AM38: 0.999999 | AN38: 75032 | AO38: 2634.2984 | AP38: 197656680 | AQ38: 1 | AR38: 45486 | AS38: 2678.0301 | AT38: 121812877 | AU38: 0.999999 | AV38: 61255 | AW38: 2692.9251 | AX38: 164955127 | AY38: 1.000001 | AZ38: 24887 | BA38: 2702.6671 | BB38: 67261276 | BC38: 1.000001 | BD38: 52558 | BE38: 2727.6245 | BF38: 143358487 | BG38: 0 | BH38: 0 | BI38: 0 | BJ38: 0 | BK38: 1.000001 | BL38: 61878 | BM38: 2760.6958 | BN38: 170826335 | BO38: 1 | BP38: 80830 | BQ38: 2606.1547 | BR38: 210655481 | BS38: 1 | BT38: 135082 | BU38: 2531.8243 | BV38: 342003884
I39: TPAA103 | R39: 실사 재고 수량으로 조정 | AZ39: 1008 | BA39: 2521.8729 | BB39: 2542048
C40: =CONCATENATE(E40,R40) -> 1103067Loss | D40: =CONCATENATE(E40,R40) -> 1103067Loss | E40: =IF(G40=0,E38,G40) -> 1103067 | I40: TPAA103 | P40: =+O40*1 -> 0 | Q40: =VLOOKUP(P40,[1]A!D:G,3,FALSE) -> 0 | R40: Loss | S40: 0.017333031 | T40: 3440 | U40: 2487.8512 | V40: 8558208 | W40: 0.018269419 | X40: 838 | Y40: 2752.0012 | Z40: 2306177 | AA40: 0.01654053 | AB40: 3687 | AC40: 2837.8606 | AD40: 10463192 | AE40: 0 | AF40: 0 | AG40: 0 | AH40: 0 | AI40: 0.017399212 | AJ40: 574 | AK40: 2582.0105 | AL40: 1482074 | AM40: 0.017179337 | AN40: 1289 | AO40: 2634.2971 | AP40: 3395609 | AQ40: 0.01593897 | AR40: 725 | AS40: 2678.0303 | AT40: 1941572 | AU40: 0.016161946 | AV40: 990 | AW40: 2692.9253 | AX40: 2665996 | AY40: 0.016876281 | AZ40: 420 | BA40: 2702.6643 | BB40: 1135119 | BC40: 0.017142966 | BD40: 901 | BE40: 2727.6226 | BF40: 2457588 | BG40: 0 | BH40: 0 | BI40: 0 | BJ40: 0 | BK40: 0.016645658 | BL40: 1030 | BM40: 2760.6961 | BN40: 2843517 | BO40: 0.016454287 | BP40: 1330 | BQ40: 2606.1541 | BR40: 3466185 | BS40: 0.014302424 | BT40: 1932 | BU40: 2531.824 | BV40: 4891484
C41: =CONCATENATE(E41,R41) -> 1103067출고 | D41: =CONCATENATE(E41,R41) -> 1103067출고 | E41: =IF(G41=0,E40,G41) -> 1103067 | F41: TPAA103 | I41: TPAA103 | P41: =+O41*1 -> 0 | Q41: =VLOOKUP(P41,[1]A!D:G,3,FALSE) -> 0 | R41: 출고 | T41: 200000 | U41: 2497.8775 | V41: 499575502 | X41: 80000 | Y41: 2592.0208 | Z41: 207361668 | AB41: 200000 | AC41: 2798.6906 | AD41: 559738120 | AF41: 60000 | AG41: 2798.6906 | AH41: 167921436 | AJ41: 0 | AK41: 0 | AL41: 0 | AN41: 100000 | AO41: 2619.6278 | AP41: 261962785 | AR41: 0 | AS41: 0 | AT41: 0 | AV41: 20000 | AW41: 2682.4345 | AX41: 53648691 | AZ41: 40000 | BA41: 2685.2719 | BB41: 107410877 | BD41: 80000 | BE41: 2702.2205 | BF41: 216177640 | BH41: 0 | BI41: 0 | BJ41: 0 | BL41: 40000 | BM41: 2734.5866 | BN41: 109383465 | BP41: 80000 | BQ41: 2666.2594 | BR41: 213300753 | BT41: 40000 | BU41: 2577.9004 | BV41: 103116015
B42: =CONCATENATE(E38,D42) -> 11030671103067당월재고/단가 | C42: =CONCATENATE(E42,R42) -> 1103067당월재고/단가 | D42: =CONCATENATE(E42,R42) -> 1103067당월재고/단가 | E42: =IF(G42=0,E41,G42) -> 1103067 | I42: TPAA103 | P42: =+O42*1 -> 0 | Q42: =VLOOKUP(P42,[1]A!D:G,3,FALSE) -> 0 | R42: 당월재고/단가 | T42: 76517 | U42: 2497.8775 | V42: 191130094 | X42: 41548 | Y42: 2592.0333 | Z42: 107693798 | AB42: 60768 | AC42: 2798.6991 | AD42: 170071345 | AF42: 768 | AG42: 2799.3607 | AH42: 2149909 | AJ42: 33184 | AK42: 2587.0417 | AL42: 85848391 | AN42: 6927 | AO42: 2619.7022 | AP42: 18146677 | AR42: 51688 | AS42: 2670.2132 | AT42: 138017982 | AV42: 91953 | AW42: 2682.4402 | AX42: 246658422 | AZ42: 77428 | BA42: 2685.2786 | BB42: 207915750 | BD42: 49085 | BE42: 2702.231 | BF42: 132639009 | BH42: 49085 | BI42: 2702.231 | BJ42: 132639009 | BL42: 69933 | BM42: 2734.594 | BN42: 191238362 | BP42: 0 | BQ42: 0 | BR42: 0 | BT42: 0 | BU42: 0 | BV42: 0
C43: =CONCATENATE(E43,R43) -> 분석 | D43: =CONCATENATE(E43,R43) -> 분석 | I43: TPAA103 | P43: =+O43*1 -> 0 | Q43: =VLOOKUP(P43,[1]A!D:G,3,FALSE) -> 0 | R43: 분석 | V43: 485193126 | Z43: 123925372 | AB43: 219220 | AD43: 622115667 | AH43: 0 | AJ43: 32416 | AL43: 83698482 | AN43: 73743 | AP43: 194261071 | AR43: 44761 | AT43: 119871305 | AV43: 60265 | AX43: 162289131 | AZ43: 24467 | BB43: 66126157 | BD43: 51657 | BF43: 140900899 | BH43: 0 | BJ43: 0 | BL43: 60848 | BN43: 167982818 | BR43: 207189296 | BV43: 337112400
C44: =CONCATENATE(E44,R44) -> 1103068전월재고/단가 | D44: =CONCATENATE(E44,R44) -> 1103068전월재고/단가 | E44: =IF(G44=0,E43,G44) -> 1103068 | G44: 1103068 | H44: TPAA103(외주) | I44: TPAA103(외주) | P44: =+O44*1 -> 0 | Q44: =VLOOKUP(P44,[1]A!D:G,3,FALSE) -> 0 | R44: 전월재고/단가 | T44: 0 | U44: 0 | V44: 0 | X44: 0 | Y44: 0 | Z44: 0 | AB44: 0 | AC44: 0 | AD44: 0 | AF44: 0 | AG44: 0 | AH44: 0 | AJ44: 0 | AK44: 0 | AL44: 0 | AN44: 0 | AO44: 0 | AP44: 0 | AR44: 0 | AS44: 0 | AT44: 0 | AV44: 0 | AW44: 0 | AX44: 0 | AZ44: 0 | BA44: 0 | BB44: 0 | BD44: 0 | BE44: 0 | BF44: 0 | BH44: 0 | BI44: 0 | BJ44: 0 | BL44: 0 | BM44: 0 | BN44: 0 | BP44: =IF(BL59=0,SUMIF('[1]23.01원가'!$C:$C,[1]생산내역!$E495,'[1]23.01원가'!$G:$G),BL59) -> #VALUE! | BQ44: =IFERROR(+BR44/BP44,0) -> 0 | BR44: =IF(BN59=0,SUMIF('[1]23.01원가'!$C:$C,[1]생산내역!$E495,'[1]23.01원가'!$I:$I),BN59) -> #VALUE! | BT44: =IF(BP59=0,SUMIF('[1]23.02원가'!$C:$C,[1]생산내역!$E495,'[1]23.02원가'!$G:$G),BP59) -> #VALUE! | BU44: =IFERROR(+BV44/BT44,0) -> 0 | BV44: =IF(BR59=0,SUMIF('[1]23.02원가'!$C:$C,[1]생산내역!$E495,'[1]23.02원가'!$I:$I),BR59) -> #VALUE!
B45: =CONCATENATE(E45,O45) -> 11030683402105 | C45: =CONCATENATE(E45,R45) -> 1103068MPPO JM-595M | D45: =CONCATENATE(E45,R45) -> 1103068MPPO JM-595M | E45: =IF(G45=0,E44,G45) -> 1103068 | F45: =IF(H44=0,#REF!,H44) -> TPAA103(외주) | I45: TPAA103(외주) | K45: KG | L45: 43370 | M45: 2776.41 | N45: 120412944 | O45: 3402105 | P45: =+O45*1 -> 3402105 | Q45: =VLOOKUP(P45,[1]A!D:G,3,FALSE) -> MPPO | R45: MPPO JM-595M | S45: 0 | T45: 0 | U45: 0 | V45: 0 | W45: 0 | X45: 0 | Y45: 0 | Z45: 0 | AA45: 0 | AB45: 0 | AC45: 0 | AD45: 0 | AE45: 0 | AF45: 0 | AG45: 0 | AH45: 0 | AI45: 0 | AJ45: 0 | AK45: 0 | AL45: 0 | AM45: 0 | AN45: 0 | AO45: 0 | AP45: 0 | AQ45: 0 | AR45: 0 | AS45: 0 | AT45: 0 | AU45: 0 | AV45: 0 | AW45: 0 | AX45: 0 | AY45: 0 | AZ45: 0 | BA45: 0 | BB45: 0 | BC45: 0 | BD45: 0 | BE45: 0 | BF45: 0 | BG45: 0 | BH45: 0 | BI45: 0 | BJ45: 0 | BK45: 0 | BL45: 0 | BM45: 0 | BN45: 0 | BO45: =SUMIF('[1]재료비23.01'!$A:$A,[1]생산내역!$B495,'[1]재료비23.01'!$O:$O) -> #VALUE! | BP45: =SUMIF('[1]재료비23.01'!$A:$A,[1]생산내역!$B495,'[1]재료비23.01'!$P:$P) -> #VALUE! | BQ45: =SUMIF('[1]재료비23.01'!$A:$A,[1]생산내역!$B495,'[1]재료비23.01'!$Q:$Q) -> #VALUE! | BR45: =SUMIF('[1]재료비23.01'!$A:$A,[1]생산내역!$B495,'[1]재료비23.01'!$R:$R) -> #VALUE! | BS45: =SUMIF('[1]재료비23.02'!$A:$A,[1]생산내역!$B495,'[1]재료비23.02'!$O:$O) -> #VALUE! | BT45: =SUMIF('[1]재료비23.02'!$A:$A,[1]생산내역!$B495,'[1]재료비23.02'!$P:$P) -> #VALUE! | BU45: =SUMIF('[1]재료비23.02'!$A:$A,[1]생산내역!$B495,'[1]재료비23.02'!$Q:$Q) -> #VALUE! | BV45: =SUMIF('[1]재료비23.02'!$A:$A,[1]생산내역!$B495,'[1]재료비23.02'!$R:$R) -> #VALUE!
B46: =CONCATENATE(E46,O46) -> 11030683403303 | C46: =CONCATENATE(E46,R46) -> 1103068MPPO<KC> | D46: =CONCATENATE(E46,R46) -> 1103068MPPO<KC> | E46: =IF(G46=0,E45,G46) -> 1103068 | F46: =IF(H46=0,F45,H46) -> TPAA103(외주) | I46: TPAA103(외주) | O46: 3403303 | P46: =+O46*1 -> 3403303 | Q46: =VLOOKUP(P46,[1]A!D:G,3,FALSE) -> R재 | R46: MPPO<KC> | S46: 0 | T46: 0 | U46: 0 | V46: 0 | W46: 0 | X46: 0 | Y46: 0 | Z46: 0 | AA46: 0 | AB46: 0 | AC46: 0 | AD46: 0 | AE46: 0 | AF46: 0 | AG46: 0 | AH46: 0 | AI46: 0 | AJ46: 0 | AK46: 0 | AL46: 0 | AM46: 0 | AN46: 0 | AO46: 0 | AP46: 0 | AQ46: 0 | AR46: 0 | AS46: 0 | AT46: 0 | AU46: 0 | AV46: 0 | AW46: 0 | AX46: 0 | AY46: 0 | AZ46: 0 | BA46: 0 | BB46: 0 | BC46: 0 | BD46: 0 | BE46: 0 | BF46: 0 | BG46: 0 | BH46: 0 | BI46: 0 | BJ46: 0 | BK46: 0 | BL46: 0 | BM46: 0 | BN46: 0 | BO46: =SUMIF('[1]재료비23.01'!$A:$A,[1]생산내역!$B496,'[1]재료비23.01'!$O:$O) -> #VALUE! | BP46: =SUMIF('[1]재료비23.01'!$A:$A,[1]생산내역!$B496,'[1]재료비23.01'!$P:$P) -> #VALUE! | BQ46: =SUMIF('[1]재료비23.01'!$A:$A,[1]생산내역!$B496,'[1]재료비23.01'!$Q:$Q) -> #VALUE! | BR46: =SUMIF('[1]재료비23.01'!$A:$A,[1]생산내역!$B496,'[1]재료비23.01'!$R:$R) -> #VALUE! | BS46: =SUMIF('[1]재료비23.02'!$A:$A,[1]생산내역!$B496,'[1]재료비23.02'!$O:$O) -> #VALUE! | BT46: =SUMIF('[1]재료비23.02'!$A:$A,[1]생산내역!$B496,'[1]재료비23.02'!$P:$P) -> #VALUE! | BU46: =SUMIF('[1]재료비23.02'!$A:$A,[1]생산내역!$B496,'[1]재료비23.02'!$Q:$Q) -> #VALUE! | BV46: =SUMIF('[1]재료비23.02'!$A:$A,[1]생산내역!$B496,'[1]재료비23.02'!$R:$R) -> #VALUE!
B47: =CONCATENATE(E47,O47) -> 11030683403313 | C47: =CONCATENATE(E47,R47) -> 1103068MPPO<GF> | D47: =CONCATENATE(E47,R47) -> 1103068MPPO<GF> | E47: =IF(G47=0,E46,G47) -> 1103068 | F47: =IF(H47=0,F45,H47) -> TPAA103(외주) | I47: TPAA103(외주) | O47: 3403313 | P47: =+O47*1 -> 3403313 | Q47: =VLOOKUP(P47,[1]A!D:G,3,FALSE) -> R재 | R47: MPPO<GF> | S47: 0 | T47: 0 | U47: 0 | V47: 0 | W47: 0 | X47: 0 | Y47: 0 | Z47: 0 | AA47: 0 | AB47: 0 | AC47: 0 | AD47: 0 | AE47: 0 | AF47: 0 | AG47: 0 | AH47: 0 | AI47: 0 | AJ47: 0 | AK47: 0 | AL47: 0 | AM47: 0 | AN47: 0 | AO47: 0 | AP47: 0 | AQ47: 0 | AR47: 0 | AS47: 0 | AT47: 0 | AU47: 0 | AV47: 0 | AW47: 0 | AX47: 0 | AY47: 0 | AZ47: 0 | BA47: 0 | BB47: 0 | BC47: 0 | BD47: 0 | BE47: 0 | BF47: 0 | BG47: 0 | BH47: 0 | BI47: 0 | BJ47: 0 | BK47: 0 | BL47: 0 | BM47: 0 | BN47: 0 | BO47: =SUMIF('[1]재료비23.01'!$A:$A,[1]생산내역!$B497,'[1]재료비23.01'!$O:$O) -> #VALUE! | BP47: =SUMIF('[1]재료비23.01'!$A:$A,[1]생산내역!$B497,'[1]재료비23.01'!$P:$P) -> #VALUE! | BQ47: =SUMIF('[1]재료비23.01'!$A:$A,[1]생산내역!$B497,'[1]재료비23.01'!$Q:$Q) -> #VALUE! | BR47: =SUMIF('[1]재료비23.01'!$A:$A,[1]생산내역!$B497,'[1]재료비23.01'!$R:$R) -> #VALUE! | BS47: =SUMIF('[1]재료비23.02'!$A:$A,[1]생산내역!$B497,'[1]재료비23.02'!$O:$O) -> #VALUE! | BT47: =SUMIF('[1]재료비23.02'!$A:$A,[1]생산내역!$B497,'[1]재료비23.02'!$P:$P) -> #VALUE! | BU47: =SUMIF('[1]재료비23.02'!$A:$A,[1]생산내역!$B497,'[1]재료비23.02'!$Q:$Q) -> #VALUE! | BV47: =SUMIF('[1]재료비23.02'!$A:$A,[1]생산내역!$B497,'[1]재료비23.02'!$R:$R) -> #VALUE!
C48: =CONCATENATE(E48,R48) -> 1103068R재 | E48: =IF(G48=0,E47,G48) -> 1103068 | I48: TPAA103(외주) | Q48: =VLOOKUP(P48,[1]A!D:G,3,FALSE) -> 0 | R48: =+Q47 -> R재 | S48: 0 | T48: 0 | U48: 0 | V48: 0 | W48: 0 | X48: 0 | Y48: 0 | Z48: 0 | AA48: 0 | AB48: 0 | AC48: 0 | AD48: 0 | AE48: 0 | AF48: 0 | AG48: 0 | AH48: 0 | AI48: 0 | AJ48: 0 | AK48: 0 | AL48: 0 | AM48: 0 | AN48: 0 | AO48: 0 | AP48: 0 | AQ48: 0 | AR48: 0 | AS48: 0 | AT48: 0 | AU48: 0 | AV48: 0 | AW48: 0 | AX48: 0 | AY48: 0 | AZ48: 0 | BA48: 0 | BB48: 0 | BC48: 0 | BD48: 0 | BE48: 0 | BF48: 0 | BG48: 0 | BH48: 0 | BI48: 0 | BJ48: 0 | BK48: 0 | BL48: 0 | BM48: 0 | BN48: 0 | BO48: =+BO46+BO47 -> #VALUE! | BP48: =+BP46+BP47 -> #VALUE! | BQ48: =IFERROR(+BR48/BP48,0) -> 0 | BR48: =+BR46+BR47 -> #VALUE! | BS48: =+BS46+BS47 -> #VALUE! | BT48: =+BT46+BT47 -> #VALUE! | BU48: =IFERROR(+BV48/BT48,0) -> 0 | BV48: =+BV46+BV47 -> #VALUE!
B49: =CONCATENATE(E49,O49) -> 11030683414085 | C49: =CONCATENATE(E49,R49) -> 1103068YJ-5085AN | D49: =CONCATENATE(E49,R49) -> 1103068YJ-5085AN | E49: =IF(G49=0,E48,G49) -> 1103068 | F49: =IF(H49=0,F46,H49) -> TPAA103(외주) | I49: TPAA103(외주) | O49: 3414085 | P49: =+O49*1 -> 3414085 | Q49: =VLOOKUP(P49,[1]A!D:G,3,FALSE) -> SEBS | R49: YJ-5085AN | S49: 0 | T49: 0 | U49: 0 | V49: 0 | W49: 0 | X49: 0 | Y49: 0 | Z49: 0 | AA49: 0 | AB49: 0 | AC49: 0 | AD49: 0 | AE49: 0 | AF49: 0 | AG49: 0 | AH49: 0 | AI49: 0 | AJ49: 0 | AK49: 0 | AL49: 0 | AM49: 0 | AN49: 0 | AO49: 0 | AP49: 0 | AQ49: 0 | AR49: 0 | AS49: 0 | AT49: 0 | AU49: 0 | AV49: 0 | AW49: 0 | AX49: 0 | AY49: 0 | AZ49: 0 | BA49: 0 | BB49: 0 | BC49: 0 | BD49: 0 | BE49: 0 | BF49: 0 | BG49: 0 | BH49: 0 | BI49: 0 | BJ49: 0 | BK49: 0 | BL49: 0 | BM49: 0 | BN49: 0 | BO49: =SUMIF('[1]재료비23.01'!$A:$A,[1]생산내역!$B499,'[1]재료비23.01'!$O:$O) -> #VALUE! | BP49: =SUMIF('[1]재료비23.01'!$A:$A,[1]생산내역!$B499,'[1]재료비23.01'!$P:$P) -> #VALUE! | BQ49: =SUMIF('[1]재료비23.01'!$A:$A,[1]생산내역!$B499,'[1]재료비23.01'!$Q:$Q) -> #VALUE! | BR49: =SUMIF('[1]재료비23.01'!$A:$A,[1]생산내역!$B499,'[1]재료비23.01'!$R:$R) -> #VALUE! | BS49: =SUMIF('[1]재료비23.02'!$A:$A,[1]생산내역!$B499,'[1]재료비23.02'!$O:$O) -> #VALUE! | BT49: =SUMIF('[1]재료비23.02'!$A:$A,[1]생산내역!$B499,'[1]재료비23.02'!$P:$P) -> #VALUE! | BU49: =SUMIF('[1]재료비23.02'!$A:$A,[1]생산내역!$B499,'[1]재료비23.02'!$Q:$Q) -> #VALUE! | BV49: =SUMIF('[1]재료비23.02'!$A:$A,[1]생산내역!$B499,'[1]재료비23.02'!$R:$R) -> #VALUE!
B50: =CONCATENATE(E50,O50) -> 11030683457041 | C50: =CONCATENATE(E50,R50) -> 1103068C/F KRC-U12(TEIJIN) | D50: =CONCATENATE(E50,R50) -> 1103068C/F KRC-U12(TEIJIN) | E50: =IF(G50=0,E48,G50) -> 1103068 | F50: =IF(H50=0,F46,H50) -> TPAA103(외주) | I50: TPAA103(외주) | O50: 3457041 | P50: =+O50*1 -> 3457041 | Q50: =VLOOKUP(P50,[1]A!D:G,3,FALSE) -> C/F | R50: C/F KRC-U12(TEIJIN) | S50: 0 | T50: 0 | U50: 0 | V50: 0 | W50: 0 | X50: 0 | Y50: 0 | Z50: 0 | AA50: 0 | AB50: 0 | AC50: 0 | AD50: 0 | AE50: 0 | AF50: 0 | AG50: 0 | AH50: 0 | AI50: 0 | AJ50: 0 | AK50: 0 | AL50: 0 | AM50: 0 | AN50: 0 | AO50: 0 | AP50: 0 | AQ50: 0 | AR50: 0 | AS50: 0 | AT50: 0 | AU50: 0 | AV50: 0 | AW50: 0 | AX50: 0 | AY50: 0 | AZ50: 0 | BA50: 0 | BB50: 0 | BC50: 0 | BD50: 0 | BE50: 0 | BF50: 0 | BG50: 0 | BH50: 0 | BI50: 0 | BJ50: 0 | BK50: 0 | BL50: 0 | BM50: 0 | BN50: 0 | BO50: =SUMIF('[1]재료비23.01'!$A:$A,[1]생산내역!$B500,'[1]재료비23.01'!$O:$O) -> #VALUE! | BP50: =SUMIF('[1]재료비23.01'!$A:$A,[1]생산내역!$B500,'[1]재료비23.01'!$P:$P) -> #VALUE! | BQ50: =SUMIF('[1]재료비23.01'!$A:$A,[1]생산내역!$B500,'[1]재료비23.01'!$Q:$Q) -> #VALUE! | BR50: =SUMIF('[1]재료비23.01'!$A:$A,[1]생산내역!$B500,'[1]재료비23.01'!$R:$R) -> #VALUE! | BS50: =SUMIF('[1]재료비23.02'!$A:$A,[1]생산내역!$B500,'[1]재료비23.02'!$O:$O) -> #VALUE! | BT50: =SUMIF('[1]재료비23.02'!$A:$A,[1]생산내역!$B500,'[1]재료비23.02'!$P:$P) -> #VALUE! | BU50: =SUMIF('[1]재료비23.02'!$A:$A,[1]생산내역!$B500,'[1]재료비23.02'!$Q:$Q) -> #VALUE! | BV50: =SUMIF('[1]재료비23.02'!$A:$A,[1]생산내역!$B500,'[1]재료비23.02'!$R:$R) -> #VALUE!
B51: =CONCATENATE(E51,O51) -> 11030683457031 | C51: =CONCATENATE(E51,R51) -> 1103068C/F CT+SM45D-06-50 | D51: =CONCATENATE(E51,R51) -> 1103068C/F CT+SM45D-06-50 | E51: =IF(G51=0,E49,G51) -> 1103068 | F51: =IF(H51=0,F47,H51) -> TPAA103(외주) | I51: TPAA103(외주) | O51: 3457031 | P51: =+O51*1 -> 3457031 | Q51: =VLOOKUP(P51,[1]A!D:G,3,FALSE) -> C/F | R51: C/F CT+SM45D-06-50 | S51: 0 | T51: 0 | U51: 0 | V51: 0 | W51: 0 | X51: 0 | Y51: 0 | Z51: 0 | AA51: 0 | AB51: 0 | AC51: 0 | AD51: 0 | AE51: 0 | AF51: 0 | AG51: 0 | AH51: 0 | AI51: 0 | AJ51: 0 | AK51: 0 | AL51: 0 | AM51: 0 | AN51: 0 | AO51: 0 | AP51: 0 | AQ51: 0 | AR51: 0 | AS51: 0 | AT51: 0 | AU51: 0 | AV51: 0 | AW51: 0 | AX51: 0 | AY51: 0 | AZ51: 0 | BA51: 0 | BB51: 0 | BC51: 0 | BD51: 0 | BE51: 0 | BF51: 0 | BG51: 0 | BH51: 0 | BI51: 0 | BJ51: 0 | BK51: 0 | BL51: 0 | BM51: 0 | BN51: 0 | BO51: =SUMIF('[1]재료비23.01'!$A:$A,[1]생산내역!$B501,'[1]재료비23.01'!$O:$O) -> #VALUE! | BP51: =SUMIF('[1]재료비23.01'!$A:$A,[1]생산내역!$B501,'[1]재료비23.01'!$P:$P) -> #VALUE! | BQ51: =SUMIF('[1]재료비23.01'!$A:$A,[1]생산내역!$B501,'[1]재료비23.01'!$Q:$Q) -> #VALUE! | BR51: =SUMIF('[1]재료비23.01'!$A:$A,[1]생산내역!$B501,'[1]재료비23.01'!$R:$R) -> #VALUE! | BS51: =SUMIF('[1]재료비23.02'!$A:$A,[1]생산내역!$B501,'[1]재료비23.02'!$O:$O) -> #VALUE! | BT51: =SUMIF('[1]재료비23.02'!$A:$A,[1]생산내역!$B501,'[1]재료비23.02'!$P:$P) -> #VALUE! | BU51: =SUMIF('[1]재료비23.02'!$A:$A,[1]생산내역!$B501,'[1]재료비23.02'!$Q:$Q) -> #VALUE! | BV51: =SUMIF('[1]재료비23.02'!$A:$A,[1]생산내역!$B501,'[1]재료비23.02'!$R:$R) -> #VALUE!
C52: =CONCATENATE(E52,R52) -> 1103068C/F | E52: =IF(G52=0,E51,G52) -> 1103068 | I52: TPAA103(외주) | Q52: =VLOOKUP(P52,[1]A!D:G,3,FALSE) -> 0 | R52: =+Q51 -> C/F | S52: 0 | T52: 0 | U52: 0 | V52: 0 | W52: 0 | X52: 0 | Y52: 0 | Z52: 0 | AA52: 0 | AB52: 0 | AC52: 0 | AD52: 0 | AE52: 0 | AF52: 0 | AG52: 0 | AH52: 0 | AI52: 0 | AJ52: 0 | AK52: 0 | AL52: 0 | AM52: 0 | AN52: 0 | AO52: 0 | AP52: 0 | AQ52: 0 | AR52: 0 | AS52: 0 | AT52: 0 | AU52: 0 | AV52: 0 | AW52: 0 | AX52: 0 | AY52: 0 | AZ52: 0 | BA52: 0 | BB52: 0 | BC52: 0 | BD52: 0 | BE52: 0 | BF52: 0 | BG52: 0 | BH52: 0 | BI52: 0 | BJ52: 0 | BK52: 0 | BL52: 0 | BM52: 0 | BN52: 0 | BO52: =SUM(BO50:BO51) -> #VALUE! | BP52: =SUM(BP50:BP51) -> #VALUE! | BQ52: =IFERROR(+BR52/BP52,0) -> 0 | BR52: =SUM(BR50:BR51) -> #VALUE! | BS52: =SUM(BS50:BS51) -> #VALUE! | BT52: =SUM(BT50:BT51) -> #VALUE! | BU52: =IFERROR(+BV52/BT52,0) -> 0 | BV52: =SUM(BV50:BV51) -> #VALUE!
B53: =CONCATENATE(E53,O53) -> 11030683459002 | C53: =CONCATENATE(E53,R53) -> 1103068G/F KCC-CS311/395 | D53: =CONCATENATE(E53,R53) -> 1103068G/F KCC-CS311/395 | E53: =IF(G53=0,E50,G53) -> 1103068 | F53: =IF(H53=0,F48,H53) -> 0 | I53: TPAA103(외주) | O53: 3459002 | P53: =+O53*1 -> 3459002 | Q53: =VLOOKUP(P53,[1]A!D:G,3,FALSE) -> G/F | R53: G/F KCC-CS311/395 | S53: 0 | T53: 0 | U53: 0 | V53: 0 | W53: 0 | X53: 0 | Y53: 0 | Z53: 0 | AA53: 0 | AB53: 0 | AC53: 0 | AD53: 0 | AE53: 0 | AF53: 0 | AG53: 0 | AH53: 0 | AI53: 0 | AJ53: 0 | AK53: 0 | AL53: 0 | AM53: 0 | AN53: 0 | AO53: 0 | AP53: 0 | AQ53: 0 | AR53: 0 | AS53: 0 | AT53: 0 | AU53: 0 | AV53: 0 | AW53: 0 | AX53: 0 | AY53: 0 | AZ53: 0 | BA53: 0 | BB53: 0 | BC53: 0 | BD53: 0 | BE53: 0 | BF53: 0 | BG53: 0 | BH53: 0 | BI53: 0 | BJ53: 0 | BK53: 0 | BL53: 0 | BM53: 0 | BN53: 0 | BO53: =SUMIF('[1]재료비23.01'!$A:$A,[1]생산내역!$B503,'[1]재료비23.01'!$O:$O) -> #VALUE! | BP53: =SUMIF('[1]재료비23.01'!$A:$A,[1]생산내역!$B503,'[1]재료비23.01'!$P:$P) -> #VALUE! | BQ53: =SUMIF('[1]재료비23.01'!$A:$A,[1]생산내역!$B503,'[1]재료비23.01'!$Q:$Q) -> #VALUE! | BR53: =SUMIF('[1]재료비23.01'!$A:$A,[1]생산내역!$B503,'[1]재료비23.01'!$R:$R) -> #VALUE! | BS53: =SUMIF('[1]재료비23.02'!$A:$A,[1]생산내역!$B503,'[1]재료비23.02'!$O:$O) -> #VALUE! | BT53: =SUMIF('[1]재료비23.02'!$A:$A,[1]생산내역!$B503,'[1]재료비23.02'!$P:$P) -> #VALUE! | BU53: =SUMIF('[1]재료비23.02'!$A:$A,[1]생산내역!$B503,'[1]재료비23.02'!$Q:$Q) -> #VALUE! | BV53: =SUMIF('[1]재료비23.02'!$A:$A,[1]생산내역!$B503,'[1]재료비23.02'!$R:$R) -> #VALUE!
B54: =CONCATENATE(E54,O54) -> 11030683459011 | C54: =CONCATENATE(E54,R54) -> 1103068G/F T435N(태산) | D54: =CONCATENATE(E54,R54) -> 1103068G/F T435N(태산) | E54: =IF(G54=0,E51,G54) -> 1103068 | F54: =IF(H54=0,F49,H54) -> TPAA103(외주) | I54: TPAA103(외주) | O54: 3459011 | P54: =+O54*1 -> 3459011 | Q54: =VLOOKUP(P54,[1]A!D:G,3,FALSE) -> G/F | R54: G/F T435N(태산) | S54: 0 | T54: 0 | U54: 0 | V54: 0 | W54: 0 | X54: 0 | Y54: 0 | Z54: 0 | AA54: 0 | AB54: 0 | AC54: 0 | AD54: 0 | AE54: 0 | AF54: 0 | AG54: 0 | AH54: 0 | AI54: 0 | AJ54: 0 | AK54: 0 | AL54: 0 | AM54: 0 | AN54: 0 | AO54: 0 | AP54: 0 | AQ54: 0 | AR54: 0 | AS54: 0 | AT54: 0 | AU54: 0 | AV54: 0 | AW54: 0 | AX54: 0 | AY54: 0 | AZ54: 0 | BA54: 0 | BB54: 0 | BC54: 0 | BD54: 0 | BE54: 0 | BF54: 0 | BG54: 0 | BH54: 0 | BI54: 0 | BJ54: 0 | BK54: 0 | BL54: 0 | BM54: 0 | BN54: 0 | BO54: =SUMIF('[1]재료비23.01'!$A:$A,[1]생산내역!$B504,'[1]재료비23.01'!$O:$O) -> #VALUE! | BP54: =SUMIF('[1]재료비23.01'!$A:$A,[1]생산내역!$B504,'[1]재료비23.01'!$P:$P) -> #VALUE! | BQ54: =SUMIF('[1]재료비23.01'!$A:$A,[1]생산내역!$B504,'[1]재료비23.01'!$Q:$Q) -> #VALUE! | BR54: =SUMIF('[1]재료비23.01'!$A:$A,[1]생산내역!$B504,'[1]재료비23.01'!$R:$R) -> #VALUE! | BS54: =SUMIF('[1]재료비23.02'!$A:$A,[1]생산내역!$B504,'[1]재료비23.02'!$O:$O) -> #VALUE! | BT54: =SUMIF('[1]재료비23.02'!$A:$A,[1]생산내역!$B504,'[1]재료비23.02'!$P:$P) -> #VALUE! | BU54: =SUMIF('[1]재료비23.02'!$A:$A,[1]생산내역!$B504,'[1]재료비23.02'!$Q:$Q) -> #VALUE! | BV54: =SUMIF('[1]재료비23.02'!$A:$A,[1]생산내역!$B504,'[1]재료비23.02'!$R:$R) -> #VALUE!
C55: =CONCATENATE(E55,R55) -> 1103068G/F | E55: =IF(G55=0,E54,G55) -> 1103068 | I55: TPAA103(외주) | Q55: =VLOOKUP(P55,[1]A!D:G,3,FALSE) -> 0 | R55: =+Q54 -> G/F | S55: 0 | T55: 0 | U55: 0 | V55: 0 | W55: 0 | X55: 0 | Y55: 0 | Z55: 0 | AA55: 0 | AB55: 0 | AC55: 0 | AD55: 0 | AE55: 0 | AF55: 0 | AG55: 0 | AH55: 0 | AI55: 0 | AJ55: 0 | AK55: 0 | AL55: 0 | AM55: 0 | AN55: 0 | AO55: 0 | AP55: 0 | AQ55: 0 | AR55: 0 | AS55: 0 | AT55: 0 | AU55: 0 | AV55: 0 | AW55: 0 | AX55: 0 | AY55: 0 | AZ55: 0 | BA55: 0 | BB55: 0 | BC55: 0 | BD55: 0 | BE55: 0 | BF55: 0 | BG55: 0 | BH55: 0 | BI55: 0 | BJ55: 0 | BK55: 0 | BL55: 0 | BM55: 0 | BN55: 0 | BO55: =+BO53+BO54 -> #VALUE! | BP55: =+BP53+BP54 -> #VALUE! | BQ55: =IFERROR(+BR55/BP55,0) -> 0 | BR55: =+BR53+BR54 -> #VALUE! | BS55: =+BS53+BS54 -> #VALUE! | BT55: =+BT53+BT54 -> #VALUE! | BU55: =IFERROR(+BV55/BT55,0) -> 0 | BV55: =+BV53+BV54 -> #VALUE!
B56: =CONCATENATE(E56,O56) -> 1103068 | C56: =CONCATENATE(E56,R56) -> 1103068생산투입 | D56: =CONCATENATE(E56,R56) -> 1103068생산투입 | E56: =IF(G56=0,E54,G56) -> 1103068 | F56: =CONCATENATE(F46,R56) -> TPAA103(외주)생산투입 | I56: TPAA103(외주) | P56: =+O56*1 -> 0 | Q56: =VLOOKUP(P56,[1]A!D:G,3,FALSE) -> 0 | R56: 생산투입 | S56: 0 | T56: 0 | U56: 0 | V56: 0 | W56: 0 | X56: 0 | Y56: 0 | Z56: 0 | AA56: 0 | AB56: 0 | AC56: 0 | AD56: 0 | AE56: 0 | AF56: 0 | AG56: 0 | AH56: 0 | AI56: 0 | AJ56: 0 | AK56: 0 | AL56: 0 | AM56: 0 | AN56: 0 | AO56: 0 | AP56: 0 | AQ56: 0 | AR56: 0 | AS56: 0 | AT56: 0 | AU56: 0 | AV56: 0 | AW56: 0 | AX56: 0 | AY56: 0 | AZ56: 0 | BA56: 0 | BB56: 0 | BC56: 0 | BD56: 0 | BE56: 0 | BF56: 0 | BG56: 0 | BH56: 0 | BI56: 0 | BJ56: 0 | BK56: 0 | BL56: 0 | BM56: 0 | BN56: 0 | BO56: =SUM(BO45:BO55)-BO48-BO52-BO55 -> #VALUE! | BP56: =SUM(BP45:BP55)-BP48-BP52-BP55 -> #VALUE! | BQ56: =IFERROR(+BR56/BP56,0) -> 0 | BR56: =SUM(BR45:BR55)-BR48-BR52-BR55 -> #VALUE! | BS56: =SUM(BS45:BS55)-BS48-BS52-BS55 -> #VALUE! | BT56: =SUM(BT45:BT55)-BT48-BT52-BT55 -> #VALUE! | BU56: =IFERROR(+BV56/BT56,0) -> 0 | BV56: =SUM(BV45:BV55)-BV48-BV52-BV55 -> #VALUE!
C57: =CONCATENATE(E57,R57) -> 1103068Loss | D57: =CONCATENATE(E57,R57) -> 1103068Loss | E57: =IF(G57=0,E56,G57) -> 1103068 | I57: TPAA103(외주) | P57: =+O57*1 -> 0 | Q57: =VLOOKUP(P57,[1]A!D:G,3,FALSE) -> 0 | R57: Loss | S57: 0 | T57: 0 | U57: 0 | V57: 0 | W57: 0 | X57: 0 | Y57: 0 | Z57: 0 | AA57: 0 | AB57: 0 | AC57: 0 | AD57: 0 | AE57: 0 | AF57: 0 | AG57: 0 | AH57: 0 | AI57: 0 | AJ57: 0 | AK57: 0 | AL57: 0 | AM57: 0 | AN57: 0 | AO57: 0 | AP57: 0 | AQ57: 0 | AR57: 0 | AS57: 0 | AT57: 0 | AU57: 0 | AV57: 0 | AW57: 0 | AX57: 0 | AY57: 0 | AZ57: 0 | BA57: 0 | BB57: 0 | BC57: 0 | BD57: 0 | BE57: 0 | BF57: 0 | BG57: 0 | BH57: 0 | BI57: 0 | BJ57: 0 | BK57: 0 | BL57: 0 | BM57: 0 | BN57: 0 | BO57: =IFERROR(+BP57/BP56,0) -> 0 | BP57: =SUMIF('[1]Loss TOTAL'!$AV:$AV,$E56,'[1]Loss TOTAL'!HA:HA) -> #VALUE! | BQ57: =IFERROR(+BR57/BP57,0) -> 0 | BR57: =+BR56-SUMIF('[1]23.01원가'!$C:$C,[1]생산내역!$E506,'[1]23.01원가'!$AF:$AF) -> #VALUE! | BS57: =IFERROR(+BT57/BT56,0) -> 0 | BT57: =SUMIF('[1]Loss TOTAL'!$AV:$AV,$E56,'[1]Loss TOTAL'!HE:HE) -> #VALUE! | BU57: =IFERROR(+BV57/BT57,0) -> 0 | BV57: =+BV56-SUMIF('[1]23.02원가'!$C:$C,[1]생산내역!$E506,'[1]23.02원가'!$AF:$AF) -> #VALUE!
C58: =CONCATENATE(E58,R58) -> 1103068출고 | D58: =CONCATENATE(E58,R58) -> 1103068출고 | E58: =IF(G58=0,E57,G58) -> 1103068 | F58: TPAA103(외주) | I58: TPAA103(외주) | P58: =+O58*1 -> 0 | Q58: =VLOOKUP(P58,[1]A!D:G,3,FALSE) -> 0 | R58: 출고 | T58: 0 | U58: 0 | V58: 0 | X58: 0 | Y58: 0 | Z58: 0 | AB58: 0 | AC58: 0 | AD58: 0 | AF58: 0 | AG58: 0 | AH58: 0 | AJ58: 0 | AK58: 0 | AL58: 0 | AN58: 0 | AO58: 0 | AP58: 0 | AR58: 0 | AS58: 0 | AT58: 0 | AV58: 0 | AW58: 0 | AX58: 0 | AZ58: 0 | BA58: 0 | BB58: 0 | BD58: 0 | BE58: 0 | BF58: 0 | BH58: 0 | BI58: 0 | BJ58: 0 | BL58: 0 | BM58: 0 | BN58: 0 | BP58: =SUMIF('[1]23.01원가'!$C:$C,[1]생산내역!$E499,'[1]23.01원가'!$Z:$Z) -> #VALUE! | BQ58: =IFERROR(+BR58/BP58,0) -> 0 | BR58: =SUMIF('[1]23.01원가'!$C:$C,[1]생산내역!$E499,'[1]23.01원가'!$AB:$AB) -> #VALUE! | BT58: =SUMIF('[1]23.02원가'!$C:$C,[1]생산내역!$E499,'[1]23.02원가'!$Z:$Z) -> #VALUE! | BU58: =IFERROR(+BV58/BT58,0) -> 0 | BV58: =SUMIF('[1]23.02원가'!$C:$C,[1]생산내역!$E499,'[1]23.02원가'!$AB:$AB) -> #VALUE!
B59: =CONCATENATE(E56,D59) -> 11030681103068당월재고/단가 | C59: =CONCATENATE(E59,R59) -> 1103068당월재고/단가 | D59: =CONCATENATE(E59,R59) -> 1103068당월재고/단가 | E59: =IF(G59=0,E58,G59) -> 1103068 | I59: TPAA103(외주) | P59: =+O59*1 -> 0 | Q59: =VLOOKUP(P59,[1]A!D:G,3,FALSE) -> 0 | R59: 당월재고/단가 | T59: 0 | U59: 0 | V59: 0 | X59: 0 | Y59: 0 | Z59: 0 | AB59: 0 | AC59: 0 | AD59: 0 | AF59: 0 | AG59: 0 | AH59: 0 | AJ59: 0 | AK59: 0 | AL59: 0 | AN59: 0 | AO59: 0 | AP59: 0 | AR59: 0 | AS59: 0 | AT59: 0 | AV59: 0 | AW59: 0 | AX59: 0 | AZ59: 0 | BA59: 0 | BB59: 0 | BD59: 0 | BE59: 0 | BF59: 0 | BH59: 0 | BI59: 0 | BJ59: 0 | BL59: 0 | BM59: 0 | BN59: 0 | BP59: =IFERROR(+BP44+BP56-BP57-BP58,0) -> 0 | BQ59: =IFERROR(+BR59/BP59,0) -> 0 | BR59: =IFERROR(+BR44+BR56-BR57-BR58,0) -> 0 | BT59: =IFERROR(+BT44+BT56-BT57-BT58,0) -> 0 | BU59: =IFERROR(+BV59/BT59,0) -> 0 | BV59: =IFERROR(+BV44+BV56-BV57-BV58,0) -> 0
C60: =CONCATENATE(E60,R60) -> 분석 | D60: =CONCATENATE(E60,R60) -> 분석 | I60: TPAA103(외주) | P60: =+O60*1 -> 0 | Q60: =VLOOKUP(P60,[1]A!D:G,3,FALSE) -> 0 | R60: 분석 | V60: 0 | Z60: 0 | AD60: 0 | AH60: 0 | AL60: 0 | AP60: 0 | AT60: 0 | AX60: 0 | BB60: 0 | BF60: 0 | BJ60: 0 | BN60: 0 | BR60: =+BR56-BR57 -> #VALUE! | BV60: =+BV56-BV57 -> #VALUE!
C61: =CONCATENATE(E61,R61) -> 1103110전월재고/단가 | D61: =CONCATENATE(E61,R61) -> 1103110전월재고/단가 | E61: =IF(G61=0,E60,G61) -> 1103110 | G61: 1103110 | H61: TPAA130 | I61: TPAA130 | P61: =+O61*1 -> 0 | Q61: =VLOOKUP(P61,[1]A!D:G,3,FALSE) -> 0 | R61: 전월재고/단가 | T61: 688 | U61: 1920.4869 | V61: 1321295 | X61: 688 | Y61: 1920.4869 | Z61: 1321295 | AB61: 688 | AC61: 1920.4869 | AD61: 1321295 | AF61: 688 | AG61: 1920.4869 | AH61: 1321295 | AJ61: 688 | AK61: 1920.4869 | AL61: 1321295 | AN61: 688 | AO61: 1920.4869 | AP61: 1321295 | AR61: 688 | AS61: 1920.4869 | AT61: 1321295 | AV61: 688 | AW61: 1920.4869 | AX61: 1321295 | AZ61: 688 | BA61: 1920.4869 | BB61: 1321295 | BD61: 688 | BE61: 1920.4869 | BF61: 1321295 | BH61: 688 | BI61: 1920.4869 | BJ61: 1321295 | BL61: 688 | BM61: 1920.4869 | BN61: 1321295 | BP61: =IF(BL73=0,SUMIF('[1]23.01원가'!$C:$C,[1]생산내역!$E512,'[1]23.01원가'!$G:$G),BL73) -> 688 | BQ61: =IFERROR(+BR61/BP61,0) -> 1920.4869 | BR61: =IF(BN73=0,SUMIF('[1]23.01원가'!$C:$C,[1]생산내역!$E512,'[1]23.01원가'!$I:$I),BN73) -> 1321295 | BT61: =IF(BP73=0,SUMIF('[1]23.02원가'!$C:$C,[1]생산내역!$E512,'[1]23.02원가'!$G:$G),BP73) -> #VALUE! | BU61: =IFERROR(+BV61/BT61,0) -> 0 | BV61: =IF(BR73=0,SUMIF('[1]23.02원가'!$C:$C,[1]생산내역!$E512,'[1]23.02원가'!$I:$I),BR73) -> #VALUE!
B62: =CONCATENATE(E62,O62) -> 11031103402105 | C62: =CONCATENATE(E62,R62) -> 1103110MPPO JM-595M | D62: =CONCATENATE(E62,R62) -> 1103110MPPO JM-595M | E62: =IF(G62=0,E61,G62) -> 1103110 | F62: =IF(H61=0,#REF!,H61) -> TPAA130 | I62: TPAA130 | K62: KG | L62: 43370 | M62: 2776.41 | N62: 120412944 | O62: 3402105 | P62: =+O62*1 -> 3402105 | Q62: =VLOOKUP(P62,[1]A!D:G,3,FALSE) -> MPPO | R62: MPPO JM-595M | S62: 0 | T62: 0 | U62: 0 | V62: 0 | W62: 0 | X62: 0 | Y62: 0 | Z62: 0 | AA62: 0 | AB62: 0 | AC62: 0 | AD62: 0 | AE62: 0 | AF62: 0 | AG62: 0 | AH62: 0 | AI62: 0 | AJ62: 0 | AK62: 0 | AL62: 0 | AM62: 0 | AN62: 0 | AO62: 0 | AP62: 0 | AQ62: 0 | AR62: 0 | AS62: 0 | AT62: 0 | AU62: 0 | AV62: 0 | AW62: 0 | AX62: 0 | AY62: 0 | AZ62: 0 | BA62: 0 | BB62: 0 | BC62: 0 | BD62: 0 | BE62: 0 | BF62: 0 | BG62: 0 | BH62: 0 | BI62: 0 | BJ62: 0 | BK62: 0 | BL62: 0 | BM62: 0 | BN62: 0 | BO62: =SUMIF('[1]재료비23.01'!$A:$A,[1]생산내역!$B512,'[1]재료비23.01'!$O:$O) -> #VALUE! | BP62: =SUMIF('[1]재료비23.01'!$A:$A,[1]생산내역!$B512,'[1]재료비23.01'!$P:$P) -> #VALUE! | BQ62: =SUMIF('[1]재료비23.01'!$A:$A,[1]생산내역!$B512,'[1]재료비23.01'!$Q:$Q) -> #VALUE! | BR62: =SUMIF('[1]재료비23.01'!$A:$A,[1]생산내역!$B512,'[1]재료비23.01'!$R:$R) -> #VALUE! | BS62: =SUMIF('[1]재료비23.02'!$A:$A,[1]생산내역!$B512,'[1]재료비23.02'!$O:$O) -> #VALUE! | BT62: =SUMIF('[1]재료비23.02'!$A:$A,[1]생산내역!$B512,'[1]재료비23.02'!$P:$P) -> #VALUE! | BU62: =SUMIF('[1]재료비23.02'!$A:$A,[1]생산내역!$B512,'[1]재료비23.02'!$Q:$Q) -> #VALUE! | BV62: =SUMIF('[1]재료비23.02'!$A:$A,[1]생산내역!$B512,'[1]재료비23.02'!$R:$R) -> #VALUE!
B63: =CONCATENATE(E63,O63) -> 11031103403303 | C63: =CONCATENATE(E63,R63) -> 1103110MPPO<KC> | D63: =CONCATENATE(E63,R63) -> 1103110MPPO<KC> | E63: =IF(G63=0,E62,G63) -> 1103110 | F63: =IF(H63=0,F62,H63) -> TPAA130 | I63: TPAA130 | O63: 3403303 | P63: =+O63*1 -> 3403303 | Q63: =VLOOKUP(P63,[1]A!D:G,3,FALSE) -> R재 | R63: MPPO<KC> | S63: 0 | T63: 0 | U63: 0 | V63: 0 | W63: 0 | X63: 0 | Y63: 0 | Z63: 0 | AA63: 0 | AB63: 0 | AC63: 0 | AD63: 0 | AE63: 0 | AF63: 0 | AG63: 0 | AH63: 0 | AI63: 0 | AJ63: 0 | AK63: 0 | AL63: 0 | AM63: 0 | AN63: 0 | AO63: 0 | AP63: 0 | AQ63: 0 | AR63: 0 | AS63: 0 | AT63: 0 | AU63: 0 | AV63: 0 | AW63: 0 | AX63: 0 | AY63: 0 | AZ63: 0 | BA63: 0 | BB63: 0 | BC63: 0 | BD63: 0 | BE63: 0 | BF63: 0 | BG63: 0 | BH63: 0 | BI63: 0 | BJ63: 0 | BK63: 0 | BL63: 0 | BM63: 0 | BN63: 0 | BO63: =SUMIF('[1]재료비23.01'!$A:$A,[1]생산내역!$B513,'[1]재료비23.01'!$O:$O) -> #VALUE! | BP63: =SUMIF('[1]재료비23.01'!$A:$A,[1]생산내역!$B513,'[1]재료비23.01'!$P:$P) -> #VALUE! | BQ63: =SUMIF('[1]재료비23.01'!$A:$A,[1]생산내역!$B513,'[1]재료비23.01'!$Q:$Q) -> #VALUE! | BR63: =SUMIF('[1]재료비23.01'!$A:$A,[1]생산내역!$B513,'[1]재료비23.01'!$R:$R) -> #VALUE! | BS63: =SUMIF('[1]재료비23.02'!$A:$A,[1]생산내역!$B513,'[1]재료비23.02'!$O:$O) -> #VALUE! | BT63: =SUMIF('[1]재료비23.02'!$A:$A,[1]생산내역!$B513,'[1]재료비23.02'!$P:$P) -> #VALUE! | BU63: =SUMIF('[1]재료비23.02'!$A:$A,[1]생산내역!$B513,'[1]재료비23.02'!$Q:$Q) -> #VALUE! | BV63: =SUMIF('[1]재료비23.02'!$A:$A,[1]생산내역!$B513,'[1]재료비23.02'!$R:$R) -> #VALUE!
B64: =CONCATENATE(E64,O64) -> 11031103403313 | C64: =CONCATENATE(E64,R64) -> 1103110MPPO<GF> | D64: =CONCATENATE(E64,R64) -> 1103110MPPO<GF> | E64: =IF(G64=0,E63,G64) -> 1103110 | F64: =IF(H64=0,F62,H64) -> TPAA130 | I64: TPAA130 | O64: 3403313 | P64: =+O64*1 -> 3403313 | Q64: =VLOOKUP(P64,[1]A!D:G,3,FALSE) -> R재 | R64: MPPO<GF> | S64: 0 | T64: 0 | U64: 0 | V64: 0 | W64: 0 | X64: 0 | Y64: 0 | Z64: 0 | AA64: 0 | AB64: 0 | AC64: 0 | AD64: 0 | AE64: 0 | AF64: 0 | AG64: 0 | AH64: 0 | AI64: 0 | AJ64: 0 | AK64: 0 | AL64: 0 | AM64: 0 | AN64: 0 | AO64: 0 | AP64: 0 | AQ64: 0 | AR64: 0 | AS64: 0 | AT64: 0 | AU64: 0 | AV64: 0 | AW64: 0 | AX64: 0 | AY64: 0 | AZ64: 0 | BA64: 0 | BB64: 0 | BC64: 0 | BD64: 0 | BE64: 0 | BF64: 0 | BG64: 0 | BH64: 0 | BI64: 0 | BJ64: 0 | BK64: 0 | BL64: 0 | BM64: 0 | BN64: 0 | BO64: =SUMIF('[1]재료비23.01'!$A:$A,[1]생산내역!$B514,'[1]재료비23.01'!$O:$O) -> #VALUE! | BP64: =SUMIF('[1]재료비23.01'!$A:$A,[1]생산내역!$B514,'[1]재료비23.01'!$P:$P) -> #VALUE! | BQ64: =SUMIF('[1]재료비23.01'!$A:$A,[1]생산내역!$B514,'[1]재료비23.01'!$Q:$Q) -> #VALUE! | BR64: =SUMIF('[1]재료비23.01'!$A:$A,[1]생산내역!$B514,'[1]재료비23.01'!$R:$R) -> #VALUE! | BS64: =SUMIF('[1]재료비23.02'!$A:$A,[1]생산내역!$B514,'[1]재료비23.02'!$O:$O) -> #VALUE! | BT64: =SUMIF('[1]재료비23.02'!$A:$A,[1]생산내역!$B514,'[1]재료비23.02'!$P:$P) -> #VALUE! | BU64: =SUMIF('[1]재료비23.02'!$A:$A,[1]생산내역!$B514,'[1]재료비23.02'!$Q:$Q) -> #VALUE! | BV64: =SUMIF('[1]재료비23.02'!$A:$A,[1]생산내역!$B514,'[1]재료비23.02'!$R:$R) -> #VALUE!
C65: =CONCATENATE(E65,R65) -> 1103110R재 | E65: =IF(G65=0,E64,G65) -> 1103110 | I65: TPAA130 | Q65: =VLOOKUP(P65,[1]A!D:G,3,FALSE) -> 0 | R65: =+Q64 -> R재 | S65: 0 | T65: 0 | U65: 0 | V65: 0 | W65: 0 | X65: 0 | Y65: 0 | Z65: 0 | AA65: 0 | AB65: 0 | AC65: 0 | AD65: 0 | AE65: 0 | AF65: 0 | AG65: 0 | AH65: 0 | AI65: 0 | AJ65: 0 | AK65: 0 | AL65: 0 | AM65: 0 | AN65: 0 | AO65: 0 | AP65: 0 | AQ65: 0 | AR65: 0 | AS65: 0 | AT65: 0 | AU65: 0 | AV65: 0 | AW65: 0 | AX65: 0 | AY65: 0 | AZ65: 0 | BA65: 0 | BB65: 0 | BC65: 0 | BD65: 0 | BE65: 0 | BF65: 0 | BG65: 0 | BH65: 0 | BI65: 0 | BJ65: 0 | BK65: 0 | BL65: 0 | BM65: 0 | BN65: 0 | BO65: =+BO63+BO64 -> #VALUE! | BP65: =+BP63+BP64 -> #VALUE! | BQ65: =IFERROR(+BR65/BP65,0) -> 0 | BR65: =+BR63+BR64 -> #VALUE! | BS65: =+BS63+BS64 -> #VALUE! | BT65: =+BT63+BT64 -> #VALUE! | BU65: =IFERROR(+BV65/BT65,0) -> 0 | BV65: =+BV63+BV64 -> #VALUE!
B66: =CONCATENATE(E66,O66) -> 11031103414085 | C66: =CONCATENATE(E66,R66) -> 1103110YJ-5085AN | D66: =CONCATENATE(E66,R66) -> 1103110YJ-5085AN | E66: =IF(G66=0,E65,G66) -> 1103110 | F66: =IF(H66=0,F64,H66) -> TPAA130 | I66: TPAA130 | O66: 3414085 | P66: =+O66*1 -> 3414085 | Q66: =VLOOKUP(P66,[1]A!D:G,3,FALSE) -> SEBS | R66: YJ-5085AN | S66: 0 | T66: 0 | U66: 0 | V66: 0 | W66: 0 | X66: 0 | Y66: 0 | Z66: 0 | AA66: 0 | AB66: 0 | AC66: 0 | AD66: 0 | AE66: 0 | AF66: 0 | AG66: 0 | AH66: 0 | AI66: 0 | AJ66: 0 | AK66: 0 | AL66: 0 | AM66: 0 | AN66: 0 | AO66: 0 | AP66: 0 | AQ66: 0 | AR66: 0 | AS66: 0 | AT66: 0 | AU66: 0 | AV66: 0 | AW66: 0 | AX66: 0 | AY66: 0 | AZ66: 0 | BA66: 0 | BB66: 0 | BC66: 0 | BD66: 0 | BE66: 0 | BF66: 0 | BG66: 0 | BH66: 0 | BI66: 0 | BJ66: 0 | BK66: 0 | BL66: 0 | BM66: 0 | BN66: 0 | BO66: =SUMIF('[1]재료비23.01'!$A:$A,[1]생산내역!$B516,'[1]재료비23.01'!$O:$O) -> #VALUE! | BP66: =SUMIF('[1]재료비23.01'!$A:$A,[1]생산내역!$B516,'[1]재료비23.01'!$P:$P) -> #VALUE! | BQ66: =SUMIF('[1]재료비23.01'!$A:$A,[1]생산내역!$B516,'[1]재료비23.01'!$Q:$Q) -> #VALUE! | BR66: =SUMIF('[1]재료비23.01'!$A:$A,[1]생산내역!$B516,'[1]재료비23.01'!$R:$R) -> #VALUE! | BS66: =SUMIF('[1]재료비23.02'!$A:$A,[1]생산내역!$B516,'[1]재료비23.02'!$O:$O) -> #VALUE! | BT66: =SUMIF('[1]재료비23.02'!$A:$A,[1]생산내역!$B516,'[1]재료비23.02'!$P:$P) -> #VALUE! | BU66: =SUMIF('[1]재료비23.02'!$A:$A,[1]생산내역!$B516,'[1]재료비23.02'!$Q:$Q) -> #VALUE! | BV66: =SUMIF('[1]재료비23.02'!$A:$A,[1]생산내역!$B516,'[1]재료비23.02'!$R:$R) -> #VALUE!
B67: =CONCATENATE(E67,O67) -> 11031103414101 | C67: =CONCATENATE(E67,R67) -> 1103110TSRC 6152 | D67: =CONCATENATE(E67,R67) -> 1103110TSRC 6152 | E67: =IF(G67=0,E66,G67) -> 1103110 | F67: =IF(H67=0,F66,H67) -> TPAA130 | I67: TPAA130 | O67: 3414101 | P67: =+O67*1 -> 3414101 | Q67: =VLOOKUP(P67,[1]A!D:G,3,FALSE) -> SEBS | R67: TSRC 6152 | S67: 0 | T67: 0 | U67: 0 | V67: 0 | W67: 0 | X67: 0 | Y67: 0 | Z67: 0 | AA67: 0 | AB67: 0 | AC67: 0 | AD67: 0 | AE67: 0 | AF67: 0 | AG67: 0 | AH67: 0 | AI67: 0 | AJ67: 0 | AK67: 0 | AL67: 0 | AM67: 0 | AN67: 0 | AO67: 0 | AP67: 0 | AQ67: 0 | AR67: 0 | AS67: 0 | AT67: 0 | AU67: 0 | AV67: 0 | AW67: 0 | AX67: 0 | AY67: 0 | AZ67: 0 | BA67: 0 | BB67: 0 | BC67: 0 | BD67: 0 | BE67: 0 | BF67: 0 | BG67: 0 | BH67: 0 | BI67: 0 | BJ67: 0 | BK67: 0 | BL67: 0 | BM67: 0 | BN67: 0 | BO67: =SUMIF('[1]재료비23.01'!$A:$A,[1]생산내역!$B517,'[1]재료비23.01'!$O:$O) -> #VALUE! | BP67: =SUMIF('[1]재료비23.01'!$A:$A,[1]생산내역!$B517,'[1]재료비23.01'!$P:$P) -> #VALUE! | BQ67: =SUMIF('[1]재료비23.01'!$A:$A,[1]생산내역!$B517,'[1]재료비23.01'!$Q:$Q) -> #VALUE! | BR67: =SUMIF('[1]재료비23.01'!$A:$A,[1]생산내역!$B517,'[1]재료비23.01'!$R:$R) -> #VALUE! | BS67: =SUMIF('[1]재료비23.02'!$A:$A,[1]생산내역!$B517,'[1]재료비23.02'!$O:$O) -> #VALUE! | BT67: =SUMIF('[1]재료비23.02'!$A:$A,[1]생산내역!$B517,'[1]재료비23.02'!$P:$P) -> #VALUE! | BU67: =SUMIF('[1]재료비23.02'!$A:$A,[1]생산내역!$B517,'[1]재료비23.02'!$Q:$Q) -> #VALUE! | BV67: =SUMIF('[1]재료비23.02'!$A:$A,[1]생산내역!$B517,'[1]재료비23.02'!$R:$R) -> #VALUE!
C68: =CONCATENATE(E68,R68) -> 1103110SEBS | E68: =IF(G68=0,E67,G68) -> 1103110 | I68: TPAA130 | Q68: =VLOOKUP(P68,[1]A!D:G,3,FALSE) -> 0 | R68: =+Q67 -> SEBS | S68: 0 | T68: 0 | U68: 0 | V68: 0 | W68: 0 | X68: 0 | Y68: 0 | Z68: 0 | AA68: 0 | AB68: 0 | AC68: 0 | AD68: 0 | AE68: 0 | AF68: 0 | AG68: 0 | AH68: 0 | AI68: 0 | AJ68: 0 | AK68: 0 | AL68: 0 | AM68: 0 | AN68: 0 | AO68: 0 | AP68: 0 | AQ68: 0 | AR68: 0 | AS68: 0 | AT68: 0 | AU68: 0 | AV68: 0 | AW68: 0 | AX68: 0 | AY68: 0 | AZ68: 0 | BA68: 0 | BB68: 0 | BC68: 0 | BD68: 0 | BE68: 0 | BF68: 0 | BG68: 0 | BH68: 0 | BI68: 0 | BJ68: 0 | BK68: 0 | BL68: 0 | BM68: 0 | BN68: 0 | BO68: =+BO66+BO67 -> #VALUE! | BP68: =+BP66+BP67 -> #VALUE! | BQ68: =IFERROR(+BR68/BP68,0) -> 0 | BR68: =+BR66+BR67 -> #VALUE! | BS68: =+BS66+BS67 -> #VALUE! | BT68: =+BT66+BT67 -> #VALUE! | BU68: =IFERROR(+BV68/BT68,0) -> 0 | BV68: =+BV66+BV67 -> #VALUE!
B69: =CONCATENATE(E69,O69) -> 11031103459011 | C69: =CONCATENATE(E69,R69) -> 1103110T435N(태산) | D69: =CONCATENATE(E69,R69) -> 1103110T435N(태산) | E69: =IF(G69=0,E68,G69) -> 1103110 | F69: =IF(H69=0,F67,H69) -> TPAA130 | I69: TPAA130 | O69: 3459011 | P69: =+O69*1 -> 3459011 | Q69: =VLOOKUP(P69,[1]A!D:G,3,FALSE) -> G/F | R69: T435N(태산) | S69: 0 | T69: 0 | U69: 0 | V69: 0 | W69: 0 | X69: 0 | Y69: 0 | Z69: 0 | AA69: 0 | AB69: 0 | AC69: 0 | AD69: 0 | AE69: 0 | AF69: 0 | AG69: 0 | AH69: 0 | AI69: 0 | AJ69: 0 | AK69: 0 | AL69: 0 | AM69: 0 | AN69: 0 | AO69: 0 | AP69: 0 | AQ69: 0 | AR69: 0 | AS69: 0 | AT69: 0 | AU69: 0 | AV69: 0 | AW69: 0 | AX69: 0 | AY69: 0 | AZ69: 0 | BA69: 0 | BB69: 0 | BC69: 0 | BD69: 0 | BE69: 0 | BF69: 0 | BG69: 0 | BH69: 0 | BI69: 0 | BJ69: 0 | BK69: 0 | BL69: 0 | BM69: 0 | BN69: 0 | BO69: =SUMIF('[1]재료비23.01'!$A:$A,[1]생산내역!$B519,'[1]재료비23.01'!$O:$O) -> #VALUE! | BP69: =SUMIF('[1]재료비23.01'!$A:$A,[1]생산내역!$B519,'[1]재료비23.01'!$P:$P) -> #VALUE! | BQ69: =SUMIF('[1]재료비23.01'!$A:$A,[1]생산내역!$B519,'[1]재료비23.01'!$Q:$Q) -> #VALUE! | BR69: =SUMIF('[1]재료비23.01'!$A:$A,[1]생산내역!$B519,'[1]재료비23.01'!$R:$R) -> #VALUE! | BS69: =SUMIF('[1]재료비23.02'!$A:$A,[1]생산내역!$B519,'[1]재료비23.02'!$O:$O) -> #VALUE! | BT69: =SUMIF('[1]재료비23.02'!$A:$A,[1]생산내역!$B519,'[1]재료비23.02'!$P:$P) -> #VALUE! | BU69: =SUMIF('[1]재료비23.02'!$A:$A,[1]생산내역!$B519,'[1]재료비23.02'!$Q:$Q) -> #VALUE! | BV69: =SUMIF('[1]재료비23.02'!$A:$A,[1]생산내역!$B519,'[1]재료비23.02'!$R:$R) -> #VALUE!
B70: =CONCATENATE(E70,O70) -> 1103110 | C70: =CONCATENATE(E70,R70) -> 1103110생산투입 | D70: =CONCATENATE(E70,R70) -> 1103110생산투입 | E70: =IF(G70=0,E69,G70) -> 1103110 | F70: =CONCATENATE(F69,R70) -> TPAA130생산투입 | I70: TPAA130 | P70: =+O70*1 -> 0 | Q70: =VLOOKUP(P70,[1]A!D:G,3,FALSE) -> 0 | R70: 생산투입 | S70: 0 | T70: 0 | U70: 0 | V70: 0 | W70: 0 | X70: 0 | Y70: 0 | Z70: 0 | AA70: 0 | AB70: 0 | AC70: 0 | AD70: 0 | AE70: 0 | AF70: 0 | AG70: 0 | AH70: 0 | AI70: 0 | AJ70: 0 | AK70: 0 | AL70: 0 | AM70: 0 | AN70: 0 | AO70: 0 | AP70: 0 | AQ70: 0 | AR70: 0 | AS70: 0 | AT70: 0 | AU70: 0 | AV70: 0 | AW70: 0 | AX70: 0 | AY70: 0 | AZ70: 0 | BA70: 0 | BB70: 0 | BC70: 0 | BD70: 0 | BE70: 0 | BF70: 0 | BG70: 0 | BH70: 0 | BI70: 0 | BJ70: 0 | BK70: 0 | BL70: 0 | BM70: 0 | BN70: 0 | BO70: =SUM(BO62:BO69)-BO65-BO68 -> #VALUE! | BP70: =SUM(BP62:BP69)-BP65-BP68 -> #VALUE! | BQ70: =IFERROR(+BR70/BP70,0) -> 0 | BR70: =SUM(BR62:BR69)-BR65-BR68 -> #VALUE! | BS70: =SUM(BS62:BS69)-BS65-BS68 -> #VALUE! | BT70: =SUM(BT62:BT69)-BT65-BT68 -> #VALUE! | BU70: =IFERROR(+BV70/BT70,0) -> 0 | BV70: =SUM(BV62:BV69)-BV65-BV68 -> #VALUE!
C71: =CONCATENATE(E71,R71) -> 1103110Loss | D71: =CONCATENATE(E71,R71) -> 1103110Loss | E71: =IF(G71=0,E70,G71) -> 1103110 | I71: TPAA130 | P71: =+O71*1 -> 0 | Q71: =VLOOKUP(P71,[1]A!D:G,3,FALSE) -> 0 | R71: Loss | S71: 0 | T71: 0 | U71: 0 | V71: 0 | W71: 0 | X71: 0 | Y71: 0 | Z71: 0 | AA71: 0 | AB71: 0 | AC71: 0 | AD71: 0 | AE71: 0 | AF71: 0 | AG71: 0 | AH71: 0 | AI71: 0 | AJ71: 0 | AK71: 0 | AL71: 0 | AM71: 0 | AN71: 0 | AO71: 0 | AP71: 0 | AQ71: 0 | AR71: 0 | AS71: 0 | AT71: 0 | AU71: 0 | AV71: 0 | AW71: 0 | AX71: 0 | AY71: 0 | AZ71: 0 | BA71: 0 | BB71: 0 | BC71: 0 | BD71: 0 | BE71: 0 | BF71: 0 | BG71: 0 | BH71: 0 | BI71: 0 | BJ71: 0 | BK71: 0 | BL71: 0 | BM71: 0 | BN71: 0 | BO71: =IFERROR(+BP71/BP70,0) -> 0 | BP71: =SUMIF('[1]Loss TOTAL'!$AV:$AV,$E70,'[1]Loss TOTAL'!JP:JP) -> #VALUE! | BQ71: =IFERROR(+BR71/BP71,0) -> 0 | BR71: =+BR70-SUMIF('[1]23.01원가'!$C:$C,[1]생산내역!$E520,'[1]23.01원가'!$AF:$AF) -> #VALUE! | BS71: =IFERROR(+BT71/BT70,0) -> 0 | BT71: =SUMIF('[1]Loss TOTAL'!$AV:$AV,$E70,'[1]Loss TOTAL'!JT:JT) -> #VALUE! | BU71: =IFERROR(+BV71/BT71,0) -> 0 | BV71: =+BV70-SUMIF('[1]23.02원가'!$C:$C,[1]생산내역!$E520,'[1]23.02원가'!$AF:$AF) -> #VALUE!
C72: =CONCATENATE(E72,R72) -> 1103110출고 | D72: =CONCATENATE(E72,R72) -> 1103110출고 | E72: =IF(G72=0,E71,G72) -> 1103110 | F72: TPAA130 | I72: TPAA130 | P72: =+O72*1 -> 0 | Q72: =VLOOKUP(P72,[1]A!D:G,3,FALSE) -> 0 | R72: 출고 | T72: 0 | U72: 0 | V72: 0 | X72: 0 | Y72: 0 | Z72: 0 | AB72: 0 | AC72: 0 | AD72: 0 | AF72: 0 | AG72: 0 | AH72: 0 | AJ72: 0 | AK72: 0 | AL72: 0 | AN72: 0 | AO72: 0 | AP72: 0 | AR72: 0 | AS72: 0 | AT72: 0 | AV72: 0 | AW72: 0 | AX72: 0 | AZ72: 0 | BA72: 0 | BB72: 0 | BD72: 0 | BE72: 0 | BF72: 0 | BH72: 0 | BI72: 0 | BJ72: 0 | BL72: 0 | BM72: 0 | BN72: 0 | BP72: =SUMIF('[1]23.01원가'!$C:$C,[1]생산내역!$E519,'[1]23.01원가'!$Z:$Z) -> #VALUE! | BQ72: =IFERROR(+BR72/BP72,0) -> 0 | BR72: =SUMIF('[1]23.01원가'!$C:$C,[1]생산내역!$E519,'[1]23.01원가'!$AB:$AB) -> #VALUE! | BT72: =SUMIF('[1]23.02원가'!$C:$C,[1]생산내역!$E519,'[1]23.02원가'!$Z:$Z) -> #VALUE! | BU72: =IFERROR(+BV72/BT72,0) -> 0 | BV72: =SUMIF('[1]23.02원가'!$C:$C,[1]생산내역!$E519,'[1]23.02원가'!$AB:$AB) -> #VALUE!
B73: =CONCATENATE(E70,D73) -> 11031101103110당월재고/단가 | C73: =CONCATENATE(E73,R73) -> 1103110당월재고/단가 | D73: =CONCATENATE(E73,R73) -> 1103110당월재고/단가 | E73: =IF(G73=0,E72,G73) -> 1103110 | I73: TPAA130 | P73: =+O73*1 -> 0 | Q73: =VLOOKUP(P73,[1]A!D:G,3,FALSE) -> 0 | R73: 당월재고/단가 | T73: 688 | U73: 1920.4869 | V73: 1321295 | X73: 688 | Y73: 1920.4869 | Z73: 1321295 | AB73: 688 | AC73: 1920.4869 | AD73: 1321295 | AF73: 688 | AG73: 1920.4869 | AH73: 1321295 | AJ73: 688 | AK73: 1920.4869 | AL73: 1321295 | AN73: 688 | AO73: 1920.4869 | AP73: 1321295 | AR73: 688 | AS73: 1920.4869 | AT73: 1321295 | AV73: 688 | AW73: 1920.4869 | AX73: 1321295 | AZ73: 688 | BA73: 1920.4869 | BB73: 1321295 | BD73: 688 | BE73: 1920.4869 | BF73: 1321295 | BH73: 688 | BI73: 1920.4869 | BJ73: 1321295 | BL73: 688 | BM73: 1920.4869 | BN73: 1321295 | BP73: =IFERROR(+BP61+BP70-BP71-BP72,0) -> 0 | BQ73: =IFERROR(+BR73/BP73,0) -> 0 | BR73: =IFERROR(+BR61+BR70-BR71-BR72,0) -> 0 | BT73: =IFERROR(+BT61+BT70-BT71-BT72,0) -> 0 | BU73: =IFERROR(+BV73/BT73,0) -> 0 | BV73: =IFERROR(+BV61+BV70-BV71-BV72,0) -> 0
C74: =CONCATENATE(E74,R74) -> #REF! | D74: =CONCATENATE(E74,R74) -> #REF! | E74: =IF(G74=0,#REF!,G74) -> #REF! | I74: TPAA130 | P74: =+O74*1 -> 0 | Q74: =VLOOKUP(P74,[1]A!D:G,3,FALSE) -> 0 | R74: 분석
